sigla_uf,id_municipio_fk,nome_coligacao
SP,61620,A MUDANÇA QUE TUIUTI PRECISA
SP,67512,PARTIDO ISOLADO
SP,69990,SALES OLIVEIRA NÃO PODE PARAR
SP,61107,PARTIDO ISOLADO
SP,63975,"Trabalho que transforma, compromisso que continua"
SP,64556,COLIGAÇÃO DE MÃOS DADAS POR GUARÁ E PIONEIROS
SP,62081,"Unidos, somos mais fortes"
SP,61158,PARTIDO ISOLADO
SP,63479,PARTIDO ISOLADO
SP,63479,FEDERAÇÃO
SP,63690,PARTIDO ISOLADO
SP,69531,PARTIDO ISOLADO
SP,61654,FEDERAÇÃO
SP,63070,PARTIDO ISOLADO
SP,63711,PARTIDO ISOLADO
SP,64777,FEDERAÇÃO
SP,65099,FEDERAÇÃO
SP,67652,PARTIDO ISOLADO
SP,66532,FEDERAÇÃO
SP,69892,PARTIDO ISOLADO
SP,70475,PARTIDO ISOLADO
SP,67199,PARTIDO ISOLADO
SP,71790,FEDERAÇÃO
SP,69256,FEDERAÇÃO
SP,71099,PARTIDO ISOLADO
SP,70734,FEDERAÇÃO
SP,71196,FEDERAÇÃO
SP,68594,JUNTOS POR PILAR DO SUL
SP,62839,PARTIDO ISOLADO
SP,62650,PARTIDO ISOLADO
SP,62197,PARTIDO ISOLADO
SP,69132,PARTIDO ISOLADO
SP,66397,PARTIDO ISOLADO
SP,68195,PARTIDO ISOLADO
SP,70530,PARTIDO ISOLADO
SP,70530,FEDERAÇÃO
SP,70718,PARTIDO ISOLADO
SP,71072,PARTIDO ISOLADO
SP,61450,PARTIDO ISOLADO
SP,63053,FEDERAÇÃO
SP,61360,PARTIDO ISOLADO
SP,66079,PARTIDO ISOLADO
SP,61735,PARTIDO ISOLADO
SP,66435,PARTIDO ISOLADO
SP,66575,PARTIDO ISOLADO
SP,65234,PARTIDO ISOLADO
SP,62510,Tempo de Esperança para Bragança 
SP,62510,EXPERIÊNCIA PARA MUDAR BRAGANÇA
SP,63630,CRAVINHOS NÃO PODE PARAR
SP,63690,CRUZEIRO MERECE O MELHOR
SP,61077,PARTIDO ISOLADO
SP,67474,PARTIDO ISOLADO
SP,72095,FEDERAÇÃO
SP,72451,PARTIDO ISOLADO
SP,62499,Botucatu sempre pra frente
SP,63932,PARTIDO ISOLADO
SP,61689,PARTIDO ISOLADO
SP,67296,FEDERAÇÃO
SP,70335,FEDERAÇÃO
SP,63134,PARTIDO ISOLADO
SP,63312,PARTIDO ISOLADO
SP,63134,FEDERAÇÃO
SP,62243,PARTIDO ISOLADO
SP,67130,PARTIDO ISOLADO
SP,69299,PARTIDO ISOLADO
SP,68314,PARTIDO ISOLADO
SP,69310,PARTIDO ISOLADO
SP,61875,FEDERAÇÃO
SP,61875,PARTIDO ISOLADO
SP,66710,PARTIDO ISOLADO
SP,64033,PARTIDO ISOLADO
SP,64530,FEDERAÇÃO
SP,70971,PARTIDO ISOLADO
SP,71412,PARTIDO ISOLADO
SP,68870,FEDERAÇÃO
SP,64971,"CUIDAR DO PRESENTE, PENSAR NO FUTURO"
SP,67717,NOVO HORIZONTE PARA TODOS
SP,66338,PARTIDO ISOLADO
SP,68993,PARTIDO ISOLADO
SP,64890,PARTIDO ISOLADO
SP,64955,PARTIDO ISOLADO
SP,65013,FEDERAÇÃO
SP,65250,PARTIDO ISOLADO
SP,67610,FEDERAÇÃO
SP,70076,PARTIDO ISOLADO
SP,62324,FEDERAÇÃO
SP,68934,FEDERAÇÃO
SP,65374,PARTIDO ISOLADO
SP,67237,PARTIDO ISOLADO
SP,72435,FEDERAÇÃO
SP,70777,FEDERAÇÃO
SP,61840,PARTIDO ISOLADO
SP,66370,PARTIDO ISOLADO
SP,66370,FEDERAÇÃO
SP,61794,PARTIDO ISOLADO
SP,62910,PARTIDO ISOLADO
SP,66958,PARTIDO ISOLADO
SP,70572,PARTIDO ISOLADO
SP,70890,PARTIDO ISOLADO
SP,67113,FEDERAÇÃO
SP,63150,PARTIDO ISOLADO
SP,63975,PARTIDO ISOLADO
SP,67032,PARTIDO ISOLADO
SP,68853,PARTIDO ISOLADO
SP,71153,FEDERAÇÃO
SP,71919,PARTIDO ISOLADO
SP,62618,PARTIDO ISOLADO
SP,65838,PARTIDO ISOLADO
SP,66010,PARTIDO ISOLADO
SP,67539,FEDERAÇÃO
SP,68535,PARTIDO ISOLADO
SP,62014,PARTIDO ISOLADO
SP,70912,FEDERAÇÃO
SP,72737,PARTIDO ISOLADO
SP,71510,PARTIDO ISOLADO
SP,63975,NOVOS RUMOS
SP,65790,PARTIDO ISOLADO
SP,61816,PARTIDO ISOLADO
SP,61972,PARTIDO ISOLADO
SP,62693,PARTIDO ISOLADO
SP,68632,PARTIDO ISOLADO
SP,70750,PARTIDO ISOLADO
SP,63215,PARTIDO ISOLADO
SP,65358,PARTIDO ISOLADO
SP,66451,PARTIDO ISOLADO
SP,67695,PARTIDO ISOLADO
SP,72010,PARTIDO ISOLADO
SP,71617,PARTIDO ISOLADO
SP,71617,FEDERAÇÃO
SP,69337,PARTIDO ISOLADO
SP,64017,PARTIDO ISOLADO
SP,65978,FEDERAÇÃO
SP,65978,PARTIDO ISOLADO
SP,67997,"CORAGEM PARA MUDAR, FORÇA PARA LIDERAR"
SP,67431,PARTIDO ISOLADO
SP,67890,PARTIDO ISOLADO
SP,69213,FEDERAÇÃO
SP,71676,FEDERAÇÃO
SP,69213,PARTIDO ISOLADO
SP,62898,FEDERAÇÃO
SP,66818,JUNTOS PELO RENASCIMENTO DE MARILIA
SP,62898,PARTIDO ISOLADO
SP,63770,FEDERAÇÃO
SP,63770,PARTIDO ISOLADO
SP,64254,FEDERAÇÃO
SP,65773,PARTIDO ISOLADO
SP,62170,FEDERAÇÃO
SP,65510,FEDERAÇÃO
SP,66257,FEDERAÇÃO
SP,61867,PARTIDO ISOLADO
SP,71978,PARTIDO ISOLADO
SP,71978,FEDERAÇÃO
SP,65633,PARTIDO ISOLADO
SP,61557,FEDERAÇÃO
SP,62359,BOCAINA EM BOAS MÃOS
SP,63177,PARTIDO ISOLADO
SP,61832,PARTIDO ISOLADO
SP,61123,FEDERAÇÃO
SP,66117,PARTIDO ISOLADO
SP,62383,PARTIDO ISOLADO
SP,61506,PARTIDO ISOLADO
SP,67873,FEDERAÇÃO
SP,71978,"UMA NOVA FORMA, A MESMA PAIXAO"
SP,61654,MUDANCA DE VERDADE
SP,62286,FEDERAÇÃO
SP,62510,PARTIDO ISOLADO
SP,62715,FEDERAÇÃO
SP,61646,PARTIDO ISOLADO
SP,63738,PARTIDO ISOLADO
SP,64777,PARTIDO ISOLADO
SP,62871,PARTIDO ISOLADO
SP,65951,PARTIDO ISOLADO
SP,66877,PARTIDO ISOLADO
SP,66818,PARTIDO ISOLADO
SP,69850,PARTIDO ISOLADO
SP,68616,FEDERAÇÃO
SP,69256,PARTIDO ISOLADO
SP,70734,PARTIDO ISOLADO
SP,61468,PARTIDO ISOLADO
SP,61883,RESPEITO E COMPROMISSO COM SÃO JOÃO DE IRACEMA
SP,63371,PARTIDO ISOLADO
SP,69973,PARTIDO ISOLADO
SP,71072,FEDERAÇÃO
SP,72419,PARTIDO ISOLADO
SP,61263,PARTIDO ISOLADO
SP,70017,Para Salesópolis Continuar Avançando
SP,61999,PARTIDO ISOLADO
SP,61280,PARTIDO ISOLADO
SP,62855,FEDERAÇÃO
SP,62855,PARTIDO ISOLADO
SP,64750,PARTIDO ISOLADO
SP,65471,PARTIDO ISOLADO
SP,69094,PARTIDO ISOLADO
SP,69191,PARTIDO ISOLADO
SP,69272,PARTIDO ISOLADO
SP,66079,FEDERAÇÃO
SP,68977,FEDERAÇÃO
SP,72311,PARTIDO ISOLADO
SP,68977,PARTIDO ISOLADO
SP,69710,PARTIDO ISOLADO
SP,64130,PARTIDO ISOLADO
SP,65110,PARTIDO ISOLADO
SP,65498,PARTIDO ISOLADO
SP,72338,PARTIDO ISOLADO
SP,69078,JUNTOS SOMOS MAIS FORTES
SP,61514,PARTIDO ISOLADO
SP,63754,PARTIDO ISOLADO
SP,71374,FEDERAÇÃO
SP,71374,PARTIDO ISOLADO
SP,72273,FEDERAÇÃO
SP,66796,RENOVAR É PRECISO
SP,62090,PARTIDO ISOLADO
SP,64270,PARTIDO ISOLADO
SP,62316,FEDERAÇÃO
SP,63894,PARTIDO ISOLADO
SP,64971,PARTIDO ISOLADO
SP,66753,PARTIDO ISOLADO
SP,63916,PARTIDO ISOLADO
SP,63916,FEDERAÇÃO
SP,67318,PARTIDO ISOLADO
SP,68756,PARTIDO ISOLADO
SP,68837,PARTIDO ISOLADO
SP,71137,PARTIDO ISOLADO
SP,64718,PARTIDO ISOLADO
SP,66192,PARTIDO ISOLADO
SP,67776,PARTIDO ISOLADO
SP,69450,PARTIDO ISOLADO
SP,69450,FEDERAÇÃO
SP,69795,FEDERAÇÃO
SP,69795,PARTIDO ISOLADO
SP,72133,PARTIDO ISOLADO
SP,63894,"DRACENA: NOVOS TEMPOS, NOVOS VENTOS"
SP,63576,PARTIDO ISOLADO
SP,63630,PARTIDO ISOLADO
SP,65579,FEDERAÇÃO
SP,65714,PARTIDO ISOLADO
SP,68390,PARTIDO ISOLADO
SP,71870,PARTIDO ISOLADO
SP,64955,FEDERAÇÃO
SP,66230,PARTIDO ISOLADO
SP,61980,PARTIDO ISOLADO
SP,69698,PARTIDO ISOLADO
SP,70378,PARTIDO ISOLADO
SP,71056,PARTIDO ISOLADO
SP,71552,PARTIDO ISOLADO
SP,61417,PARTIDO ISOLADO
SP,61417,FEDERAÇÃO
SP,65072,PARTIDO ISOLADO
SP,62162,PARTIDO ISOLADO
SP,71455,PARTIDO ISOLADO
SP,61620,PARTIDO ISOLADO
SP,72435,PARTIDO ISOLADO
SP,65374,FEDERAÇÃO
SP,61166,PARTIDO ISOLADO
SP,61794,FEDERAÇÃO
SP,62308,PARTIDO ISOLADO
SP,64734,PARTIDO ISOLADO
SP,61727,PARTIDO ISOLADO
SP,64858,FEDERAÇÃO
SP,63339,PARTIDO ISOLADO
SP,69493,PARTIDO ISOLADO
SP,70890,FEDERAÇÃO
SP,63614,PARTIDO ISOLADO
SP,63614,FEDERAÇÃO
SP,62286,PARTIDO ISOLADO
SP,65552,PARTIDO ISOLADO
SP,67113,PARTIDO ISOLADO
SP,65536,PARTIDO ISOLADO
SP,70793,PARTIDO ISOLADO
SP,68012,PARTIDO ISOLADO
SP,68012,FEDERAÇÃO
SP,70319,FEDERAÇÃO
SP,70955,PARTIDO ISOLADO
SP,64076,O PROGRESSO CONTINUA
SP,67458,União pelo bem de Narandiba
SP,62413,PARTIDO ISOLADO
SP,67539,PARTIDO ISOLADO
SP,69574,PARTIDO ISOLADO
SP,67636,PARTIDO ISOLADO
SP,71811,PARTIDO ISOLADO
SP,65218,PARTIDO ISOLADO
SP,61972,FEDERAÇÃO
SP,63215,FEDERAÇÃO
SP,68632,FEDERAÇÃO
SP,70130,PARTIDO ISOLADO
SP,67237,FEDERAÇÃO
SP,71498,PARTIDO ISOLADO
SP,71498,Sumare para todos
SP,64190,PARTIDO ISOLADO
SP,65455,PARTIDO ISOLADO
SP,69159,PARTIDO ISOLADO
SP,70017,PARTIDO ISOLADO
SP,67890,FEDERAÇÃO
SP,61093,PARTIDO ISOLADO
SP,61913,PARTIDO ISOLADO
SP,62812,PARTIDO ISOLADO
SP,61107,FEDERAÇÃO
SP,67873,PARTIDO ISOLADO
SP,68233,PARTIDO ISOLADO
SP,69019,FEDERAÇÃO
SP,62995,PARTIDO ISOLADO
SP,61220,PARTIDO ISOLADO
SP,63118,PARTIDO ISOLADO
SP,64076,PARTIDO ISOLADO
SP,62294,PARTIDO ISOLADO
SP,65030,PARTIDO ISOLADO
SP,65137,PARTIDO ISOLADO
SP,65510,PARTIDO ISOLADO
SP,68039,PARTIDO ISOLADO
SP,71935,PARTIDO ISOLADO
SP,62618,RUMO A UM NOVO TEMPO / A UMA NOVA HISTÓRIA
SP,62057,PARTIDO ISOLADO
SP,61298,PARTIDO ISOLADO
SP,63290,PARTIDO ISOLADO
SP,66052,PARTIDO ISOLADO
SP,64777,"Guarulhos, Bora Resolver!"
SP,66893,PARTIDO ISOLADO
SP,65439,FEDERAÇÃO
SP,61905,PARTIDO ISOLADO
SP,61123,PARTIDO ISOLADO
SP,61484,PARTIDO ISOLADO
SP,61484,FEDERAÇÃO
SP,64459,PARTIDO ISOLADO
SP,68110,TODOS POR PARAGUAÇU
SP,65935,FEDERAÇÃO
SP,67679,PARTIDO ISOLADO
SP,68276,PARTIDO ISOLADO
SP,72370,FEDERAÇÃO
SP,65110,Vamos Endireitar Indaiatuba
SP,62472,Experiência que constrói o futuro
SP,64998,UNIDOS POR IEPÊ
SP,61727,"HORTOLANDIA DE GENTE , PRA GENTE DE NOVO."
SP,64459,¿UNIDOS POR GUAIÇARA¿
SP,63916,JUNTOS POR UMA NOVA DUARTINA
SP,66850,PARTIDO ISOLADO
SP,61034,PARTIDO ISOLADO
SP,62154,PARTIDO ISOLADO
SP,62154,FEDERAÇÃO
SP,62510,FEDERAÇÃO
SP,63690,FEDERAÇÃO
SP,64637,PARTIDO ISOLADO
SP,64637,FEDERAÇÃO
SP,61409,PARTIDO ISOLADO
SP,67857,PARTIDO ISOLADO
SP,67857,FEDERAÇÃO
SP,68098,PARTIDO ISOLADO
SP,68918,PARTIDO ISOLADO
SP,68918,FEDERAÇÃO
SP,69531,FEDERAÇÃO
SP,70637,PARTIDO ISOLADO
SP,70831,PARTIDO ISOLADO
SP,70831,FEDERAÇÃO
SP,71390,PARTIDO ISOLADO
SP,71390,FEDERAÇÃO
SP,71595,PARTIDO ISOLADO
SP,71595,FEDERAÇÃO
SP,72176,PARTIDO ISOLADO
SP,66532,"JUNTO COM O POVO, POR UMA NOVA HISTORIA"
SP,61352,PARTIDO ISOLADO
SP,62375,PARTIDO ISOLADO
SP,61352,FEDERAÇÃO
SP,62375,FEDERAÇÃO
SP,61492,PARTIDO ISOLADO
SP,62715,PARTIDO ISOLADO
SP,61654,PARTIDO ISOLADO
SP,61778,PARTIDO ISOLADO
SP,64513,PARTIDO ISOLADO
SP,64513,FEDERAÇÃO
SP,62111,PARTIDO ISOLADO
SP,61778,FEDERAÇÃO
SP,62596,FEDERAÇÃO
SP,62596,PARTIDO ISOLADO
SP,62634,PARTIDO ISOLADO
SP,62111,FEDERAÇÃO
SP,61760,PARTIDO ISOLADO
SP,62839,FEDERAÇÃO
SP,64351,PARTIDO ISOLADO
SP,65099,PARTIDO ISOLADO
SP,63711,FEDERAÇÃO
SP,65870,PARTIDO ISOLADO
SP,65315,PARTIDO ISOLADO
SP,65870,FEDERAÇÃO
SP,63738,FEDERAÇÃO
SP,65951,FEDERAÇÃO
SP,64050,PARTIDO ISOLADO
SP,64815,PARTIDO ISOLADO
SP,66036,PARTIDO ISOLADO
SP,64815,FEDERAÇÃO
SP,65153,PARTIDO ISOLADO
SP,66516,PARTIDO ISOLADO
SP,66532,PARTIDO ISOLADO
SP,66214,PARTIDO ISOLADO
SP,66036,FEDERAÇÃO
SP,66214,FEDERAÇÃO
SP,66737,PARTIDO ISOLADO
SP,66796,PARTIDO ISOLADO
SP,66176,PARTIDO ISOLADO
SP,66672,PARTIDO ISOLADO
SP,66818,FEDERAÇÃO
SP,66877,FEDERAÇÃO
SP,66893,FEDERAÇÃO
SP,67091,PARTIDO ISOLADO
SP,62340,PARTIDO ISOLADO
SP,62340,FEDERAÇÃO
SP,67458,PARTIDO ISOLADO
SP,68152,PARTIDO ISOLADO
SP,66915,PARTIDO ISOLADO
SP,66915,FEDERAÇÃO
SP,68411,PARTIDO ISOLADO
SP,68730,PARTIDO ISOLADO
SP,68730,FEDERAÇÃO
SP,67199,FEDERAÇÃO
SP,68411,FEDERAÇÃO
SP,68551,PARTIDO ISOLADO
SP,68551,FEDERAÇÃO
SP,68438,PARTIDO ISOLADO
SP,69132,FEDERAÇÃO
SP,68438,FEDERAÇÃO
SP,68616,PARTIDO ISOLADO
SP,69957,PARTIDO ISOLADO
SP,71099,FEDERAÇÃO
SP,69230,PARTIDO ISOLADO
SP,69850,FEDERAÇÃO
SP,71218,PARTIDO ISOLADO
SP,70874,FEDERAÇÃO
SP,70874,PARTIDO ISOLADO
SP,71773,FEDERAÇÃO
SP,71773,PARTIDO ISOLADO
SP,68691,PARTIDO ISOLADO
SP,71218,FEDERAÇÃO
SP,71790,PARTIDO ISOLADO
SP,70092,PARTIDO ISOLADO
SP,71358,FEDERAÇÃO
SP,71358,PARTIDO ISOLADO
SP,70475,FEDERAÇÃO
SP,72354,PARTIDO ISOLADO
SP,71838,FEDERAÇÃO
SP,70610,PARTIDO ISOLADO
SP,71838,PARTIDO ISOLADO
SP,71196,PARTIDO ISOLADO
SP,71510,FEDERAÇÃO
SP,61468,FEDERAÇÃO
SP,67210,JUNTOS VAMOS FAZER UMA NOVA HISTÓRIA
SP,68012,PALESTINA NÃO PODE PARAR
SP,69477,JUNTOS NO CAMINHO CERTO
SP,70530,SANTA ROSA UNIDA COM A VOZ DO POVO
SP,66630,É HORA DE CUIDAR DAS PESSOAS
SP,66850,MARTINÓPOLIS TEM JEITO!
SP,66850,MARTINOPOLIS É NOSSA CASA
SP,62049,PARTIDO ISOLADO
SP,72176,URÂNIA CADA VEZ MAIS FORTE
SP,61190,FEDERAÇÃO
SP,61557, ARAÇATUBA SEMPRE EM FRENTE 
SP,61182,PARTIDO ISOLADO
SP,65951,JAGUARIÚNA PODE MAIS
SP,69299,FEDERAÇÃO
SP,70394,RENOVAÇÃO DEMOCRÁTICA
SP,61220,EXPERIENCIA E COMPROMISSO POR ALUMINIO
SP,61220,UNIDOS POR ALUMÍNIO
SP,61220,ALUMINIO MERECE MAIS
SP,61972,CUIDAR DA NOSSA GENTE
SP,62898,CAJURU DE VOLTA AO PROGRESSO
SP,63231,PARTIDO ISOLADO
SP,64033,"COLIGAÇÃO TRANSPARÊNCIA, EFICIÊNCIA E RESPONSABILIDADE"
SP,62618,BURI NO RUMO CERTO
SP,61506,Para transformar a cidade e cuidar das pessoas
SP,61506,"CABEÇA ERGUIDA, PÉ NO CHÃO E DEUS NO CORAÇÃO"
SP,63517,HUMILDADE E TRABALHO SEMPRE
SP,61581,PARTIDO ISOLADO
SP,62197,FEDERAÇÃO
SP,62081,PARTIDO ISOLADO
SP,62081,FEDERAÇÃO
SP,62936,PARTIDO ISOLADO
SP,62936,FEDERAÇÃO
SP,62979,PARTIDO ISOLADO
SP,62979,FEDERAÇÃO
SP,63592,PARTIDO ISOLADO
SP,63592,FEDERAÇÃO
SP,61182,FEDERAÇÃO
SP,64297,FEDERAÇÃO
SP,64297,PARTIDO ISOLADO
SP,64793,PARTIDO ISOLADO
SP,66273,PARTIDO ISOLADO
SP,66273,FEDERAÇÃO
SP,66397,FEDERAÇÃO
SP,66478,PARTIDO ISOLADO
SP,67016,PARTIDO ISOLADO
SP,67016,FEDERAÇÃO
SP,67075,FEDERAÇÃO
SP,67075,PARTIDO ISOLADO
SP,69434,PARTIDO ISOLADO
SP,69477,PARTIDO ISOLADO
SP,69876,PARTIDO ISOLADO
SP,70718,FEDERAÇÃO
SP,72214,PARTIDO ISOLADO
SP,65838,CORAGEM E FÉ PARA AVANÇAR!
SP,65897,PARTIDO ISOLADO
SP,67610,MUDAR PARA RECONSTRUIR NOVA GRANADA
SP,67610,O TRABALHO NÃO PODE PARAR
SP,70017,É TEMPO DE CONSTRUIR UMA NOVA HISTÓRIA
SP,71110,"UNIÃO, TRABALHO E DESENVOLVIMENTO"
SP,61263,FEDERAÇÃO
SP,62219,PARTIDO ISOLADO
SP,62219,FEDERAÇÃO
SP,61280,FEDERAÇÃO
SP,61433,PARTIDO ISOLADO
SP,61433,FEDERAÇÃO
SP,63053,PARTIDO ISOLADO
SP,61360,FEDERAÇÃO
SP,63835,PARTIDO ISOLADO
SP,64599,PARTIDO ISOLADO
SP,64475,PARTIDO ISOLADO
SP,64599,FEDERAÇÃO
SP,61085,PARTIDO ISOLADO
SP,64750,FEDERAÇÃO
SP,65439,PARTIDO ISOLADO
SP,65730,PARTIDO ISOLADO
SP,65730,FEDERAÇÃO
SP,66974,PARTIDO ISOLADO
SP,65471,FEDERAÇÃO
SP,69078,PARTIDO ISOLADO
SP,69272,FEDERAÇÃO
SP,69779,PARTIDO ISOLADO
SP,70114,PARTIDO ISOLADO
SP,70114,FEDERAÇÃO
SP,70432,PARTIDO ISOLADO
SP,70432,FEDERAÇÃO
SP,66435,FEDERAÇÃO
SP,71471,FEDERAÇÃO
SP,71471,PARTIDO ISOLADO
SP,67296,PARTIDO ISOLADO
SP,72311,FEDERAÇÃO
SP,67830,PARTIDO ISOLADO
SP,68519,PARTIDO ISOLADO
SP,68772,PARTIDO ISOLADO
SP,68772,FEDERAÇÃO
SP,61077,FEDERAÇÃO
SP,61255,FEDERAÇÃO
SP,61255,PARTIDO ISOLADO
SP,61344,PARTIDO ISOLADO
SP,61344,FEDERAÇÃO
SP,69710,FEDERAÇÃO
SP,70050,PARTIDO ISOLADO
SP,63819,FEDERAÇÃO
SP,64912,PARTIDO ISOLADO
SP,65595,¿UNIÃO POR ITAPUÍ¿
SP,63819,PARTIDO ISOLADO
SP,63878,PARTIDO ISOLADO
SP,63878,FEDERAÇÃO
SP,70050,FEDERAÇÃO
SP,64130,FEDERAÇÃO
SP,70335,PARTIDO ISOLADO
SP,65110,FEDERAÇÃO
SP,70416,PARTIDO ISOLADO
SP,72192,PARTIDO ISOLADO
SP,72338,FEDERAÇÃO
SP,65498,FEDERAÇÃO
SP,67954,AMOR E RESPEITO POR OURINHOS
SP,67156,PARTIDO ISOLADO
SP,67156,FEDERAÇÃO
SP,67474,FEDERAÇÃO
SP,67970,FEDERAÇÃO
SP,67970,PARTIDO ISOLADO
SP,68799,FEDERAÇÃO
SP,68799,PARTIDO ISOLADO
SP,69736,PARTIDO ISOLADO
SP,70173,FEDERAÇÃO
SP,70173,PARTIDO ISOLADO
SP,71757,PARTIDO ISOLADO
SP,71757,FEDERAÇÃO
SP,70190,PARTIDO ISOLADO
SP,72095,PARTIDO ISOLADO
SP,72451,FEDERAÇÃO
SP,65315,UNIDOS PELO AMOR A IRAPUÃ
SP,72419,MAIS E MELHOR VISTA ALEGRE EM BOAS MÃOS
SP,62855,"Mais Trabalho, mais futuro"
SP,62952,JUNTOS PELA MUDANÇA
SP,61131,PARTIDO ISOLADO
SP,62839,"PODEMOS JUNTOS FAZER A DIFERENÇA, SEM CORRUPÇÃO"
SP,63398,¿Clementina pra frente¿
SP,61018,PARTIDO ISOLADO
SP,61018,FEDERAÇÃO
SP,62138,PARTIDO ISOLADO
SP,62138,FEDERAÇÃO
SP,62430,PARTIDO ISOLADO
SP,63258,PARTIDO ISOLADO
SP,63312,FEDERAÇÃO
SP,63851,PARTIDO ISOLADO
SP,61743,PARTIDO ISOLADO
SP,65757,PARTIDO ISOLADO
SP,65897,FEDERAÇÃO
SP,66559,PARTIDO ISOLADO
SP,67130,FEDERAÇÃO
SP,67172,PARTIDO ISOLADO
SP,67172,FEDERAÇÃO
SP,61425,PARTIDO ISOLADO
SP,61425,FEDERAÇÃO
SP,67750,PARTIDO ISOLADO
SP,68110,PARTIDO ISOLADO
SP,68110,FEDERAÇÃO
SP,68314,FEDERAÇÃO
SP,68950,PARTIDO ISOLADO
SP,68950,FEDERAÇÃO
SP,69035,PARTIDO ISOLADO
SP,69035,FEDERAÇÃO
SP,62146,PARTIDO ISOLADO
SP,62146,FEDERAÇÃO
SP,69310,FEDERAÇÃO
SP,69990,PARTIDO ISOLADO
SP,70238,PARTIDO ISOLADO
SP,72273,PARTIDO ISOLADO
SP,62006,COMPROMISSO COM ILHA COMPRIDA
SP,65994,RENOVA JAMBEIRO
SP,66796,JUNTOS NA CONTINUAÇÃO DO TRABALHO 
SP,62677,PARTIDO ISOLADO
SP,61590,PARTIDO ISOLADO
SP,69418,COM A FORÇA DO POVO
SP,70637,JARDIM NO CAMINHO CERTO
SP,62677,FEDERAÇÃO
SP,61590,FEDERAÇÃO
SP,71714,SOMOS + TAPIRAÍ
SP,71714,"UNIÃO, FÉ E RENOVAÇÃO"
SP,62758,PARTIDO ISOLADO
SP,61670,PARTIDO ISOLADO
SP,62758,FEDERAÇÃO
SP,62103,PARTIDO ISOLADO
SP,61930,PARTIDO ISOLADO
SP,64270,FEDERAÇÃO
SP,62090,FEDERAÇÃO
SP,64653,PARTIDO ISOLADO
SP,62316,PARTIDO ISOLADO
SP,64939,PARTIDO ISOLADO
SP,64939,FEDERAÇÃO
SP,64971,FEDERAÇÃO
SP,65293,PARTIDO ISOLADO
SP,65293,FEDERAÇÃO
SP,66699,PARTIDO ISOLADO
SP,64114,PARTIDO ISOLADO
SP,66699,FEDERAÇÃO
SP,64114,FEDERAÇÃO
SP,66710,FEDERAÇÃO
SP,64530,PARTIDO ISOLADO
SP,66753,FEDERAÇÃO
SP,64572,PARTIDO ISOLADO
SP,67415,PARTIDO ISOLADO
SP,65331,PARTIDO ISOLADO
SP,65331,FEDERAÇÃO
SP,65617,PARTIDO ISOLADO
SP,65617,FEDERAÇÃO
SP,61069,PARTIDO ISOLADO
SP,61069,FEDERAÇÃO
SP,67792,PARTIDO ISOLADO
SP,67318,FEDERAÇÃO
SP,68497,PARTIDO ISOLADO
SP,67792,FEDERAÇÃO
SP,68497,FEDERAÇÃO
SP,68756,FEDERAÇÃO
SP,68837,FEDERAÇÃO
SP,70815,PARTIDO ISOLADO
SP,68870,PARTIDO ISOLADO
SP,70815,FEDERAÇÃO
SP,64033,FEDERAÇÃO
SP,70971,FEDERAÇÃO
SP,61808,PARTIDO ISOLADO
SP,61662,PARTIDO ISOLADO
SP,61662,FEDERAÇÃO
SP,64432,PARTIDO ISOLADO
SP,64432,FEDERAÇÃO
SP,65595,PARTIDO ISOLADO
SP,71137,FEDERAÇÃO
SP,65854,PARTIDO ISOLADO
SP,71412,FEDERAÇÃO
SP,71692,PARTIDO ISOLADO
SP,66192,FEDERAÇÃO
SP,72257,PARTIDO ISOLADO
SP,72257,FEDERAÇÃO
SP,67350,PARTIDO ISOLADO
SP,68330,PARTIDO ISOLADO
SP,69051,PARTIDO ISOLADO
SP,65331,IRAPURU NO CAMINHO CERTO! CONTINUAREMOS AVANÇANDO!
SP,68470,SIMPLICIDADE E TRABALHO QUE TRANSFOMAM
SP,68772,PRA FRENTE PIRAJU
SP,72311,"Estamos no caminho certo, Vargem não pode parar!"
SP,72354,Prosperidade e Honestidade
SP,72354,FEDERAÇÃO
SP,69051,FEDERAÇÃO
SP,61700,PARTIDO ISOLADO
SP,61697,UNIDOS POR UMA AREIAS DO BEM
SP,68659,JUNTOS PELO BEM E PELO FUTURO DE ESPÍRITO SANTO DO PINHAL
SP,70211,PARTIDO ISOLADO
SP,70211,FEDERAÇÃO
SP,72133,FEDERAÇÃO
SP,66818,"MARILIA É DEUS, PATRIA, FAMILIA AMOR E LIBERDADE"
SP,67717,"HONESTIDADE, UNIAO E TRABALHO"
SP,61565,"#O TRABALHO TEM QUE CONTINUAR, POTIM NÃO PODE PARAR"
SP,61565,PARTIDO ISOLADO
SP,69213,PRA FRENTE PRAIA GRANDE
SP,70270,EXPERIENCIA E DESENVOLVIMENTO
SP,71730,FEDERAÇÃO
SP,67032,ESTABILIDADE E RESPEITO POR MIRANDÓPOLIS
SP,61654,"HONESTIDADE, AÇÃO E CORAGEM PARA MUDAR"
SP,61832,FILHOS DE AURIFLAMA
SP,63274,É PRECISO MUDAR
SP,63851,"RUMO NOVO, AGORA É A VEZ DO POVO"
SP,63894,AMOR POR DRACENA
SP,61760,ELISIÁRIO NO CAMINHO CERTO
SP,64750,Renovar para Transformar Guarujá
SP,61697,PARTIDO ISOLADO
SP,62332,PARTIDO ISOLADO
SP,63550,PARTIDO ISOLADO
SP,63576,FEDERAÇÃO
SP,64173,PARTIDO ISOLADO
SP,65579,PARTIDO ISOLADO
SP,65714,FEDERAÇÃO
SP,66150,PARTIDO ISOLADO
SP,67334,PARTIDO ISOLADO
SP,67598,FEDERAÇÃO
SP,67598,PARTIDO ISOLADO
SP,67717,PARTIDO ISOLADO
SP,67717,FEDERAÇÃO
SP,68993,FEDERAÇÃO
SP,69590,PARTIDO ISOLADO
SP,69930,PARTIDO ISOLADO
SP,69930,FEDERAÇÃO
SP,70351,PARTIDO ISOLADO
SP,70351,FEDERAÇÃO
SP,70653,PARTIDO ISOLADO
SP,71234,PARTIDO ISOLADO
SP,71234,FEDERAÇÃO
SP,71730,PARTIDO ISOLADO
SP,71870,FEDERAÇÃO
SP,61212,PARTIDO ISOLADO
SP,71897,PARTIDO ISOLADO
SP,61379,PARTIDO ISOLADO
SP,71897,FEDERAÇÃO
SP,61379,FEDERAÇÃO
SP,62570,FEDERAÇÃO
SP,62570,PARTIDO ISOLADO
SP,63398,PARTIDO ISOLADO
SP,64211,PARTIDO ISOLADO
SP,64890,FEDERAÇÃO
SP,65013,PARTIDO ISOLADO
SP,65676,PARTIDO ISOLADO
SP,65676,FEDERAÇÃO
SP,65552,"CONSTRUINDO IGUALDADE, TRANSFORMANDO REALIDADES"
SP,70173,PRA GOVERNAR COM O CORAÇÃO
SP,70599,SANTO ANTÔNIO EM BOAS MÃOS
SP,66290,PARTIDO ISOLADO
SP,66290,FEDERAÇÃO
SP,67393,PARTIDO ISOLADO
SP,67393,FEDERAÇÃO
SP,61980,FEDERAÇÃO
SP,67610,PARTIDO ISOLADO
SP,68179,PARTIDO ISOLADO
SP,69612,FEDERAÇÃO
SP,69612,PARTIDO ISOLADO
SP,69639,FEDERAÇÃO
SP,69639,PARTIDO ISOLADO
SP,69698,FEDERAÇÃO
SP,70076,FEDERAÇÃO
SP,70378,FEDERAÇÃO
SP,70670,FEDERAÇÃO
SP,70670,PARTIDO ISOLADO
SP,71552,FEDERAÇÃO
SP,70076,PARTICIPAÇÃO POPULAR
SP,61395,PARTIDO ISOLADO
SP,61956,PARTIDO ISOLADO
SP,61956,FEDERAÇÃO
SP,62456,PARTIDO ISOLADO
SP,61611,PARTIDO ISOLADO
SP,61611,FEDERAÇÃO
SP,62553,PARTIDO ISOLADO
SP,62251,PARTIDO ISOLADO
SP,62251,FEDERAÇÃO
SP,63096,FEDERAÇÃO
SP,63096,PARTIDO ISOLADO
SP,61786,PARTIDO ISOLADO
SP,61786,FEDERAÇÃO
SP,63673,PARTIDO ISOLADO
SP,62324,PARTIDO ISOLADO
SP,61476,COM UNIÃO PODEMOS MUDAR ANHUMAS
SP,66354,PARTIDO ISOLADO
SP,64670,PARTIDO ISOLADO
SP,64670,FEDERAÇÃO
SP,66354,FEDERAÇÃO
SP,66613,FEDERAÇÃO
SP,66613,PARTIDO ISOLADO
SP,64696,PARTIDO ISOLADO
SP,68896,FEDERAÇÃO
SP,64696,FEDERAÇÃO
SP,68896,PARTIDO ISOLADO
SP,68934,PARTIDO ISOLADO
SP,69175,PARTIDO ISOLADO
SP,69752,PARTIDO ISOLADO
SP,69752,FEDERAÇÃO
SP,62200,FEDERAÇÃO
SP,67377,PARTIDO ISOLADO
SP,62200,PARTIDO ISOLADO
SP,71455,FEDERAÇÃO
SP,67377,FEDERAÇÃO
SP,62367,PARTIDO ISOLADO
SP,62367,FEDERAÇÃO
SP,68373,PARTIDO ISOLADO
SP,68373,FEDERAÇÃO
SP,62120,PARTIDO ISOLADO
SP,61166,FEDERAÇÃO
SP,70777,PARTIDO ISOLADO
SP,67059,MIRANTE NÃO PODE PARAR
SP,68250,"MELHOR PRA PARIQUERA, MEHOR PRA VOCÊ"
SP,68357,"COM IVANA E JOÃO, PEDERNEIRAS EM BOAS MÃOS"
SP,61328,"A união do povo, em busca do progresso para todos"
SP,70998,SAO JOSÉ NO RUMO CERTO NOVAMENTE
SP,71471,COLIGAÇÃO EXPERIÊNCIA E RECOMEÇO SUD E BAND
SP,62340,POR UMA NANTES MELHOR
SP,68578,PARA PIEDADE AVANÇAR AINDA MAIS
SP,68799,A Voz do Povo 
SP,69132,PORTO FELIZ NÃO PODE PARAR
SP,70718,SANTOS SEMPRE EM FRENTE
SP,70890,CONSTRUINDO O FUTURO COM EXPERIÊNCIA
SP,71072,CAMINHO SEGURO PRA SÃO PAULO
SP,61670,Compromisso com a mudança
SP,61646,O QUE É BOM TEM QUE CONTINUAR
SP,61310,PARTIDO ISOLADO
SP,61310,FEDERAÇÃO
SP,62774,PARTIDO ISOLADO
SP,62774,FEDERAÇÃO
SP,62790,PARTIDO ISOLADO
SP,62790,FEDERAÇÃO
SP,63231,FEDERAÇÃO
SP,63657,PARTIDO ISOLADO
SP,62910,FEDERAÇÃO
SP,63657,FEDERAÇÃO
SP,62308,FEDERAÇÃO
SP,64734,FEDERAÇÃO
SP,61727,FEDERAÇÃO
SP,63010,PARTIDO ISOLADO
SP,63010,FEDERAÇÃO
SP,64858,PARTIDO ISOLADO
SP,63339,FEDERAÇÃO
SP,61204,PARTIDO ISOLADO
SP,61204,FEDERAÇÃO
SP,63517,PARTIDO ISOLADO
SP,63517,FEDERAÇÃO
SP,64238,PARTIDO ISOLADO
SP,61603,FEDERAÇÃO
SP,61603,PARTIDO ISOLADO
SP,61948,FEDERAÇÃO
SP,61948,PARTIDO ISOLADO
SP,68250,PARTIDO ISOLADO
SP,68250,FEDERAÇÃO
SP,65692,PARTIDO ISOLADO
SP,65692,FEDERAÇÃO
SP,69515,PARTIDO ISOLADO
SP,70254,PARTIDO ISOLADO
SP,66591,PARTIDO ISOLADO
SP,70572,FEDERAÇÃO
SP,66850,FEDERAÇÃO
SP,66958,FEDERAÇÃO
SP,67490,PARTIDO ISOLADO
SP,67490,FEDERAÇÃO
SP,67911,PARTIDO ISOLADO
SP,67911,FEDERAÇÃO
SP,67938,PARTIDO ISOLADO
SP,67938,FEDERAÇÃO
SP,71951,PARTIDO ISOLADO
SP,72230,PARTIDO ISOLADO
SP,61565,FEDERAÇÃO
SP,70394,PARTIDO ISOLADO
SP,62448,PARTIDO ISOLADO
SP,65935,PARTIDO ISOLADO
SP,67237,MONGAGUÁ SEMPRE EM FRENTE
SP,62189,PARTIDO ISOLADO
SP,71170,E HORA DE AVANÇAR
SP,71811,Reconstruindo uma Tatuí de todos. 
SP,61131,FEDERAÇÃO
SP,62030,FEDERAÇÃO
SP,62030,PARTIDO ISOLADO
SP,61115,PARTIDO ISOLADO
SP,61115,FEDERAÇÃO
SP,61174,PARTIDO ISOLADO
SP,61174,FEDERAÇÃO
SP,61530,FEDERAÇÃO
SP,61530,PARTIDO ISOLADO
SP,62278,PARTIDO ISOLADO
SP,63452,PARTIDO ISOLADO
SP,63452,FEDERAÇÃO
SP,63975,FEDERAÇÃO
SP,64092,FEDERAÇÃO
SP,64092,PARTIDO ISOLADO
SP,64335,PARTIDO ISOLADO
SP,64491,PARTIDO ISOLADO
SP,67059,PARTIDO ISOLADO
SP,67059,FEDERAÇÃO
SP,64912,FEDERAÇÃO
SP,65196,PARTIDO ISOLADO
SP,65277,FEDERAÇÃO
SP,65277,PARTIDO ISOLADO
SP,65536,FEDERAÇÃO
SP,62421,PARTIDO ISOLADO
SP,70270,PARTIDO ISOLADO
SP,70270,FEDERAÇÃO
SP,70793,FEDERAÇÃO
SP,65633,FEDERAÇÃO
SP,66095,PARTIDO ISOLADO
SP,66095,FEDERAÇÃO
SP,67032,FEDERAÇÃO
SP,71153,PARTIDO ISOLADO
SP,68071,PARTIDO ISOLADO
SP,68454,PARTIDO ISOLADO
SP,68454,FEDERAÇÃO
SP,72117,PARTIDO ISOLADO
SP,61549,PARTIDO ISOLADO
SP,68853,FEDERAÇÃO
SP,70319,PARTIDO ISOLADO
SP,72397,PARTIDO ISOLADO
SP,62553,BRAÚNA EM MÃOS LIMPAS
SP,62553,UNIDOS POR UM PROPÓSITO AINDA MAIOR!
SP,63371,UNIDOS PARA TRANSFORMAR CHAVANTES E IRAPE
SP,63371,CHAVANTES E IRAPÉ RUMO AO PROGRESSO
SP,72397,FEDERAÇÃO
SP,61328,FEDERAÇÃO
SP,61328,PARTIDO ISOLADO
SP,61883,PARTIDO ISOLADO
SP,61883,FEDERAÇÃO
SP,70955,FEDERAÇÃO
SP,71633,PARTIDO ISOLADO
SP,71919,FEDERAÇÃO
SP,72052,PARTIDO ISOLADO
SP,65650,Itararé no Rumo Certo
SP,65650,PARTIDO ISOLADO
SP,72150,PARTIDO ISOLADO
SP,61271,ALVARO TEM JEITO SIM
SP,68950,UNIÃO QUE TRAZ O PROGRESSO
SP,70971,RIO PRETO DE VERDE E AMARELO
SP,65013,GENTE COMO A GENTE
SP,65099,JUNTOS PODEMOS
SP,68535,PRA FRENTE PERUIBE 
SP,69434,MAIS CONFIANÇA E CREDIBILIDADE
SP,72370,PARTIDO ISOLADO
SP,61050,FEDERAÇÃO
SP,61050,PARTIDO ISOLADO
SP,61522,FEDERAÇÃO
SP,61522,PARTIDO ISOLADO
SP,62391,PARTIDO ISOLADO
SP,64254,FRANCA SEGUINDO EM FRENTE PRONTA PARA O FUTURO
SP,62391,FEDERAÇÃO
SP,62413,FEDERAÇÃO
SP,62618,FEDERAÇÃO
SP,63991,PARTIDO ISOLADO
SP,64157,PARTIDO ISOLADO
SP,64157,FEDERAÇÃO
SP,65056,PARTIDO ISOLADO
SP,65390,PARTIDO ISOLADO
SP,65838,FEDERAÇÃO
SP,65994,PARTIDO ISOLADO
SP,65994,FEDERAÇÃO
SP,66010,FEDERAÇÃO
SP,68136,PARTIDO ISOLADO
SP,68136,FEDERAÇÃO
SP,68535,FEDERAÇÃO
SP,68713,PARTIDO ISOLADO
SP,70491,PARTIDO ISOLADO
SP,71579,PARTIDO ISOLADO
SP,71579,FEDERAÇÃO
SP,62260,PARTIDO ISOLADO
SP,62227,PARTIDO ISOLADO
SP,61190,PARTIDO ISOLADO
SP,61336,PARTIDO ISOLADO
SP,61336,FEDERAÇÃO
SP,61638,PARTIDO ISOLADO
SP,61638,FEDERAÇÃO
SP,62359,PARTIDO ISOLADO
SP,65439,"Um NOVO caminho, uma NOVA política"
SP,67830,"AVANÇA MAIS, ORIENTE!"
SP,69590,AMOR POR RIBEIRÃO BONITO E GUARAPIRANGA
SP,69590,JUNTOS POR RIBEIRÃO BONITO
SP,68659,PARTIDO ISOLADO
SP,68659,FEDERAÇÃO
SP,65170,PARTIDO ISOLADO
SP,65650,FEDERAÇÃO
SP,67636,FEDERAÇÃO
SP,68217,PARTIDO ISOLADO
SP,68217,FEDERAÇÃO
SP,68578,PARTIDO ISOLADO
SP,68578,FEDERAÇÃO
SP,70912,PARTIDO ISOLADO
SP,71250,PARTIDO ISOLADO
SP,71811,FEDERAÇÃO
SP,66915,Unidos por Mendonça
SP,68233,RECONSTRUINDO PARDINHO
SP,72435,EU ESCOLHO VOTORANTIM
SP,62090,BARRETOS RUMO AO FUTURO
SP,63355,FEDERAÇÃO
SP,63576,CORAGEM PARA RENOVAR COSMÓPOLIS
SP,63754,UM NOVO TEMPO PARA DESCALVADO
SP,62065,PARTIDO ISOLADO
SP,61719,PARTIDO ISOLADO
SP,63274,FEDERAÇÃO
SP,63274,PARTIDO ISOLADO
SP,63533,FEDERAÇÃO
SP,63533,PARTIDO ISOLADO
SP,64319,FEDERAÇÃO
SP,64319,PARTIDO ISOLADO
SP,61816,FEDERAÇÃO
SP,64378,PARTIDO ISOLADO
SP,65218,FEDERAÇÃO
SP,62693,FEDERAÇÃO
SP,65790,FEDERAÇÃO
SP,62731,PARTIDO ISOLADO
SP,62731,FEDERAÇÃO
SP,63193,PARTIDO ISOLADO
SP,66656,PARTIDO ISOLADO
SP,65358,FEDERAÇÃO
SP,69418,PARTIDO ISOLADO
SP,66419,FEDERAÇÃO
SP,66419,PARTIDO ISOLADO
SP,70130,FEDERAÇÃO
SP,70750,FEDERAÇÃO
SP,66770,PARTIDO ISOLADO
SP,62731,Nossa Bandeira é Cachoeira
SP,67695,FEDERAÇÃO
SP,71110,PARTIDO ISOLADO
SP,67733,PARTIDO ISOLADO
SP,67733,FEDERAÇÃO
SP,68292,PARTIDO ISOLADO
SP,72010,FEDERAÇÃO
SP,69337,FEDERAÇÃO
SP,69817,PARTIDO ISOLADO
SP,69817,FEDERAÇÃO
SP,71013,PARTIDO ISOLADO
SP,71498,FEDERAÇÃO
SP,71714,PARTIDO ISOLADO
SP,65374,ITAI NO CAMINHO DO DESENVOLVIMENTO
SP,68217," POR UMA PARAPUÃ FORTE, HUMANA E INCLUSIVA"
SP,68454,PEDRO DE TOLEDO PARA TODOS
SP,68519,PEREIRAS NO CAMINHO CERTO
SP,71498,SUMARÉ PARA TODOS
SP,68993,POLONI CONTINUA NO RUMO CERTO
SP,71196,TODOS POR SAO SIMAO
SP,71358,PARA CONTINUAR AVANÇANDO
SP,61573,PARTIDO ISOLADO
SP,61573,FEDERAÇÃO
SP,62472,PARTIDO ISOLADO
SP,63959,PARTIDO ISOLADO
SP,63959,FEDERAÇÃO
SP,62006,PARTIDO ISOLADO
SP,62006,FEDERAÇÃO
SP,61522,EU AMO ASPÁSIA
SP,63339,"Força,Coragem e Determinação"
SP,65455,FEDERAÇÃO
SP,66133,PARTIDO ISOLADO
SP,67210,FEDERAÇÃO
SP,67210,PARTIDO ISOLADO
SP,70017,FEDERAÇÃO
SP,61441,PARTIDO ISOLADO
SP,62189,FEDERAÇÃO
SP,71331,PARTIDO ISOLADO
SP,71331,FEDERAÇÃO
SP,71854,PARTIDO ISOLADO
SP,71854,FEDERAÇÃO
SP,63819,DOBRADA PODE MAIS E MERECE MAIS
SP,67156,"AVANÇA MAIS, GUAÇU!"
SP,62073,PARTIDO ISOLADO
SP,62235,PARTIDO ISOLADO
SP,62235,FEDERAÇÃO
SP,61026,PARTIDO ISOLADO
SP,63797,PARTIDO ISOLADO
SP,64416,PARTIDO ISOLADO
SP,64416,FEDERAÇÃO
SP,64556,PARTIDO ISOLADO
SP,64556,FEDERAÇÃO
SP,64874,PARTIDO ISOLADO
SP,64874,FEDERAÇÃO
SP,66931,PARTIDO ISOLADO
SP,62405,PARTIDO ISOLADO
SP,68357,PARTIDO ISOLADO
SP,68357,FEDERAÇÃO
SP,69370,PARTIDO ISOLADO
SP,70297,PARTIDO ISOLADO
SP,70297,FEDERAÇÃO
SP,71439,PARTIDO ISOLADO
SP,71439,FEDERAÇÃO
SP,72079,PARTIDO ISOLADO
SP,61921,PARTIDO ISOLADO
SP,65730, JUNTOS  EM CONSTANTE EVOLUÇÃO 
SP,62324,MUITO MAIS FUTURO
SP,62405,"Quem manda é o Povo, sem privilégios"
SP,71854,"¿CONTINUANDO O TRABALHO, UNIDO COM O POVO "
SP,61093,FEDERAÇÃO
SP,61859,PARTIDO ISOLADO
SP,61913,FEDERAÇÃO
SP,62812,FEDERAÇÃO
SP,61140,PARTIDO ISOLADO
SP,64998,PARTIDO ISOLADO
SP,65919,PARTIDO ISOLADO
SP,67270,PARTIDO ISOLADO
SP,61247,PARTIDO ISOLADO
SP,68810,PARTIDO ISOLADO
SP,68810,FEDERAÇÃO
SP,69019,PARTIDO ISOLADO
SP,69116,PARTIDO ISOLADO
SP,69116,FEDERAÇÃO
SP,69353,PARTIDO ISOLADO
SP,70599,PARTIDO ISOLADO
SP,71315,PARTIDO ISOLADO
SP,71315,FEDERAÇÃO
SP,64319,¿Gabriel Monteiro seguindo em boas mãos¿ 
SP,62952,PARTIDO ISOLADO
SP,62995,FEDERAÇÃO
SP,63118,FEDERAÇÃO
SP,61220,FEDERAÇÃO
SP,61891,PARTIDO ISOLADO
SP,61891,FEDERAÇÃO
SP,62170,PARTIDO ISOLADO
SP,64254,PARTIDO ISOLADO
SP,62294,FEDERAÇÃO
SP,65412,PARTIDO ISOLADO
SP,63355,PARTIDO ISOLADO
SP,66834,PARTIDO ISOLADO
SP,61964,PARTIDO ISOLADO
SP,67954,PARTIDO ISOLADO
SP,67954,FEDERAÇÃO
SP,65030,FEDERAÇÃO
SP,67997,PARTIDO ISOLADO
SP,67997,FEDERAÇÃO
SP,70157,PARTIDO ISOLADO
SP,70157,FEDERAÇÃO
SP,70939,PARTIDO ISOLADO
SP,70939,FEDERAÇÃO
SP,70998,PARTIDO ISOLADO
SP,70998,FEDERAÇÃO
SP,66257,PARTIDO ISOLADO
SP,70556,POVO NO PODER. PREFEITURA DE PORTAS ABRETAS
SP,70556,O POVO PELO POVO
SP,71374,SETE BARRAS EM BOAS MÃOS
SP,67555,PARTIDO ISOLADO
SP,67814,PARTIDO ISOLADO
SP,67814,FEDERAÇÃO
SP,71536,FEDERAÇÃO
SP,68055,PARTIDO ISOLADO
SP,71536,PARTIDO ISOLADO
SP,71650,PARTIDO ISOLADO
SP,68594,PARTIDO ISOLADO
SP,68594,FEDERAÇÃO
SP,71676,PARTIDO ISOLADO
SP,68675,PARTIDO ISOLADO
SP,70696,PARTIDO ISOLADO
SP,70858,PARTIDO ISOLADO
SP,70858,FEDERAÇÃO
SP,71293,PARTIDO ISOLADO
SP,71293,FEDERAÇÃO
SP,71935,FEDERAÇÃO
SP,71994,PARTIDO ISOLADO
SP,65498,"OLHANDO PRA FRENTE, CUIDANDO DE GENTE"
SP,65110,INDAIATUBA GOVERNADA PELOS TRABALHADORES
SP,69710,Um Novo Tempo
SP,70432,COMPETÊNCIA E HONESTIDADE A FAVOR DO POVO
SP,70750,SBC CADA VEZ MELHOR
SP,67474,AVANÇA NATIVIDADE!
SP,69779,RINÓPOLIS MERECE MAIS
SP,70572,"Caminho Certo, Futuro Seguro"
SP,70572,SANTO ANDRÉ DO FUTURO
SP,62715,CAÇAPAVA NO CAMINHO DO FUTURO
SP,69159,¿FORTALECER-HUMANIZAR-CRESCER¿
SP,61786," NA LUTA PELO BEM DO POVO, SOMOS NÓS DE NOVO "
SP,67792,PL - PRTB
SP,62677,Unidos  pelo futuro
SP,64599,GUARACI NÃO PODE PARAR
SP,61719,"Amor por Areiópolis, Continuando e Inovando"
SP,63436,A VOZ DO POVO É A NOSSA VOZ
SP,70858,UNIDOS POR DUAS PONTES
SP,70017,ESSE É O MELHOR CAMINHO
SP,70459,FEDERAÇÃO
SP,61239,ÁLVARES FLORENCE NÃO PODE PARAR
SP,63630,RENOVA CRAVINHOS
SP,62448,O TRABALHO SÉRIO TEM QUE CONTINUAR
SP,61379,AMPARO LEVADA A SÉRIO
SP,62154,PDT - FEDERAÇÃO PSDB CIDADANIA
SP,63657,UNIDOS PELA DEMOCRACIA E ESPERANÇA
SP,62278,"BILAC, EXPERIÊNCIA E RENOVAÇÃO"
SP,70190,FEDERAÇÃO
SP,65030,MOBILIZAR PARA MUDAR
SP,61476,PARTIDO ISOLADO
SP,61549,JUNTOS PELA IGUALDADE E RENOVAÇÃO
SP,61557,PARTIDO ISOLADO
SP,64696,RENOVA GUARATINGUETÁ
SP,72079,JUNTOS SOMOS MAIS FORTE! A LUTA CONTINUA...
SP,70955,TODOS JUNTOS PELA SÃO JOSÉ QUE SONHAMOS
SP,62057,FEDERAÇÃO
SP,71870,TEODORO PARA TODOS
SP,71870,RENOVAÇÃO E TRABALHO
SP,62715,Caçapava não pode parar
SP,63851,UNIDOS POR DOLCINÓPOLIS
SP,69370,"¿POR NOSSA CIDADE, PELO NOSSO POVO "
SP,64653,NÓS AMAMOS GUARARAPES. PARA SEGUIR E EVOLUIR.
SP,63177,FEDERAÇÃO
SP,67490,JUNTOS POR NOSSA GENTE
SP,63290,FEDERAÇÃO
SP,61310,AMERICANA NO TOPO DE NOVO
SP,70050,SALTO TEM JEITO
SP,66052,FEDERAÇÃO
SP,62022,PARTIDO ISOLADO
SP,61450,"ANHEMBI, PIRAMBOIA, CAPUAVA e ZONA RURAL - MERECE RESPEITO"
SP,66494,PARTIDO ISOLADO
SP,66290,LARANJAL PAULISTA RUMO AO FUTURO
SP,66494,FEDERAÇÃO
SP,64777,A MUDANÇA COMEÇA AGORA
SP,66630,PARTIDO ISOLADO
SP,66494,  POR UMA LUCELIA FORTE E UNIDA 
SP,66494,"LUCELIA DE TODOS, PARA TODOS"
SP,67571,PARTIDO ISOLADO
SP,61824,PARTIDO ISOLADO
SP,61824,FEDERAÇÃO
SP,61891,PRA CUIDAR DE AVARÉ
SP,69558,PARTIDO ISOLADO
SP,69558,FEDERAÇÃO
SP,69671,PARTIDO ISOLADO
SP,66893,AGORA É A VEZ DO POVO. AGORA É A VEZ DE MAUÁ.
SP,64076,solidariedade e união em prol da população
SP,69671,FEDERAÇÃO
SP,69914,PARTIDO ISOLADO
SP,70556,PARTIDO ISOLADO
SP,65439,CHEGOU A HORA DE RECOMEÇAR
SP,70556,FEDERAÇÃO
SP,69019,POMPEIA MERECE MAIS
SP,71030,FEDERAÇÃO
SP,71030,PARTIDO ISOLADO
SP,66575,LUPÉRCIO E SANTA TEREZINHA FELIZ DE NOVO
SP,68497,"ESSA É A HORA , PEREIRA BARRETO TEM JEITO."
SP,62197,União por Bauru
SP,66354,O FUTURO EM NOSSAS MÃOS
SP,65714,ITATINGA PARA TODOS
SP,61778,MEU PARTIDO É ARUJÁ
SP,72257,O MELHOR PRA VALINHOS
SP,65137,+ AÇÃO + TRABALHO + GESTÃO
SP,61271,PARTIDO ISOLADO
SP,61751,PARTIDO ISOLADO
SP,61751,FEDERAÇÃO
SP,61832,FEDERAÇÃO
SP,64017,FEDERAÇÃO
SP,61387,PARTIDO ISOLADO
SP,61000,PARTIDO ISOLADO
SP,64394,PARTIDO ISOLADO
SP,66117,FEDERAÇÃO
SP,66311,FEDERAÇÃO
SP,66311,PARTIDO ISOLADO
SP,66990,FEDERAÇÃO
SP,66990,PARTIDO ISOLADO
SP,68470,PARTIDO ISOLADO
SP,68470,FEDERAÇÃO
SP,69396,PARTIDO ISOLADO
SP,69833,PARTIDO ISOLADO
SP,69833,FEDERAÇÃO
SP,70513,PARTIDO ISOLADO
SP,70513,FEDERAÇÃO
SP,63355,PARA AVANÇAR AINDA MAIS
SP,70459,PARTIDO ISOLADO
SP,71277,PARTIDO ISOLADO
SP,68713,DESENVOLVIMENTO E EQUILIBRIO SOCIAL / QUALIDADE E COMPROMISSO
SP,72214,"É PRA URUPÊS, É PRA SÃO JOÃO, É PRA JA!"
SP,61239,PARTIDO ISOLADO
SP,62499,PARTIDO ISOLADO
SP,62499,FEDERAÇÃO
SP,63150,FEDERAÇÃO
SP,66230,RENOVA JUQUIÁ
SP,66230,JUQUIÁ EM BOAS MÃOS 
SP,71773,Gerando Frutos
SP,71196,"São Simão, Unidos para Servir"
SP,63037,PARTIDO ISOLADO
SP,64955,BOTA FÉ NA MUDANÇA! BORA CONSTRUIR A FELIZ CIDADE
SP,63410,PARTIDO ISOLADO
SP,67873,PROGRESSO E CONTINUIDADE
SP,68632,PARA O TRABALHO CONTINUAR
SP,68675,"RAIZES FORTES, NOVOS HORIZONTES"
SP,68870,ENDIREITA PIRASSUNUNGA 
SP,71250, JUNTOS PODEMOS MUDAR SARUTAIA  
SP,71250,¿UNIDOS POR UMA SARUTAIA PARA TODOS¿
SP,63410,FEDERAÇÃO
SP,71250,¿UNIDOS POR SARUTAIÁ¿
SP,71919,TIETÊ VAI VOLTAR A SORRIR
SP,72273,"VALPARAISO, RUMO A RENOVAÇÃO"
SP,72117,Renovação e Transparência Do Povo Para o Povo
SP,63436,PARTIDO ISOLADO
SP,63495,PARTIDO ISOLADO
SP,62774,"JUNTOS, PARA SEGUIR AVANÇANDO"
SP,63754,DESENVOLVE DESCALVADO
SP,66613,TRABALHO E RECONSTRUÇÃO
SP,63495,FEDERAÇÃO
SP,71552,"Juntos por Tabatinga: Seu Futuro, Nossa Missão"
SP,64459,FEDERAÇÃO
SP,67512,RENOVA NEVES
SP,64610,PARTIDO ISOLADO
SP,64610,FEDERAÇÃO
SP,64831,PARTIDO ISOLADO
SP,62413,Juntos pelo futuro da nossa cidade
SP,62413,"FILHOS DA TERRA, AMOR E COMPROMISSO COM A CIDADE"
SP,65811,PARTIDO ISOLADO
SP,65811,FEDERAÇÃO
SP,64254,Franca Vai Mudar
SP,65579,ITAPORANGA PRA FRENTE 
SP,67253,PARTIDO ISOLADO
SP,69876,SALVE ROSEIRA 
SP,67679,FEDERAÇÃO
SP,68276,FEDERAÇÃO
SP,69655,PARTIDO ISOLADO
SP,70033,PARTIDO ISOLADO
SP,71170,PARTIDO ISOLADO
SP,71170,FEDERAÇÃO
SP,61301,PARTIDO ISOLADO
SP,61042,PARTIDO ISOLADO
SP,70599,"UM NOVO RUMO, UMA NOVA  HISTÓRIA"
SP,68756,PIRACICABA MERECE O MELHOR 
SP,72036,PARTIDO ISOLADO
SP,72036,FEDERAÇÃO
SP,67075,UNIÃO POR MIRASSOL
SP,71897,TERRA ROXA PARA TODOS..CRESCENDO JUNTOS
SP,61751,CUIDANDO DE NOSSA GENTE 
SP,63495,DESENVOLVIMENTO COM HUMANIZAÇÃO
SP,65234,JUNTOS PELO POVO
SP,61395,ANALANDIA DO BEM 
SP,63410,"ESPERANÇA RENOVADA, FUTURO GARANTIDO"
SP,68250,"Seu Voto, Sua Voz !!!"
SP,71137,SÃO ROQUE MERECE MAIS
SP,62952,"AVANÇA CAMPOS DO JORDÃO! UNIÃO, TRABALHO E INOVAÇÃO"
SP,62952,A direção do Povo
SP,61000, ALIANÇA DO CAMPO E A CIDADE 
SP,71854, UM RUMO NOVO DE VOLTA PARA O POVO 
SP,64858,JUNTOS POR IACRI
SP,61476,O Progresso Continua
SP,71013,"DEUS NO COMANDO, SEMPRE!"
SP,64750,JUNTOS PELO GUARUJÁ FELIZ DE NOVO
SP,69817,RENOVA RIO DAS PEDRAS
SP,72370,POR UMA VINHEDO MELHOR
SP,64114,"Cuidando de Fernandópolis, Cuidando de você."
SP,67938,OSVALDO CRUZ NO CAMINHO CERTO
SP,66532,CORAGEM PARA MUDAR
SP,71692,"¿Paz, Progresso e União¿"
SP,71935,¿O TRABALHO CONTINUA¿
SP,66516,LUCIANOPOLIS PARA TODOS
SP,70831,JUNTOS POR UM NOVO TEMPO
SP,70831,ESPERANÇA NO CORAÇÃO
SP,66133,JUNTOS POR UMA JOÃO RAMALHO MELHOR
SP,65757,Coragem para renovar e fazer acontecer
SP,70416,PRA FRENTE SANTA MARIA DA SERRA  
SP,64831, Iacanga no caminho certo. 
SP,69558,¿ESCREVENDO UMA NOVA HISTÓRIA¿
SP,71331,A NOSSA GENTE EM PRIMEIRO LUGAR
SP,66117,"Compromisso como a Honestidade, Juntos pela Experiência"
SP,70270,"JUNTOS, EM FRENTE"
SP,62570,Inovação e Progresso
SP,68535,COM A FORÇA DO POVO
SP,63975,ELDORADO EM BOAS MAOS
SP,62472,"RESPEITO, COMPROMISSO E TRABALHO"
SP,71030,JUNTOSPODEMOSMAIS
SP,71293,UM SONHO CHAMADO SERRA AZUL
SP,67172,Juntos por Mogi Mirim
SP,66214,EXPERIÊNCIA E INOVAÇÃO
SP,62260,Juntos Pela Honestidade e Renovação
SP,65790,ITU GIGANTE
SP,71811,Muda Tatuí
SP,65056,IGARATÁ NÃO PODE PARAR
SP,61794,ASSIS NÃO PODE PARAR
SP,63312,Eu Amo Cerquilho
SP,67873,CONSTRUINDO UM NOVO TEMPO
SP,62596,"Trabalho, Família e Fé para Brotas que a gente quer!!!! "
SP,67474,UNIÃO PELA MUDANÇA
SP,70173,SANTA BÁRBARA É O QUE INTERESSA
SP,67350,AVANÇANDO SEM PARAR
SP,61085,JUNTOS PELA MUDANÇA E RENOVAÇÃO
SP,63738,CUNHA PARA TODOS
SP,68853,UNIÃO COMPETÊNCIA E TRABALHO
SP,64939,Transformando Visão em Realidade
SP,71838,TAUBATÉ QUER MAIS
SP,71838,TAUBATE QUE A GENTE QUER
SP,67776,¿UNIÃO E RENOVAÇÃO¿
SP,70033,¿SALMOURÃO NO CAMINHO CERTO¿
SP,61611,UNIDOS NOVAMENTE POR ARANDU
SP,63517,Coroados para o Povo
SP,61115,ÁGUAS NO RUMO CERTO
SP,62030,JUNTOS POR BARIRI
SP,62030,A VOZ DA ESPERANÇA E DO RESPEITO
SP,68837,NÃO VAMOS DESISTIR DE PIRAPORA
SP,62693,"MAIS SAÚDE, MAIS FUTURO"
SP,62693,PRA FAZER MUITO MAIS
SP,70718,A SANTOS QUE A GENTE QUER
SP,61050,AGUAI CADA VEZ MELHOR
SP,61050,Aguaí para Todos
SP,64513,UNIDOS POR GUAPIAÇU
SP,61174,UNIDOS POR ALTAIR
SP,69337,RENOVAÇÃO COM CORAGEM
SP,63134,CARAPICUÍBA NO RUMO CERTO
SP,63134,¿Juntos para mudar¿
SP,72133,"UCHOA COM TRABALHO, UNIÃO E FAMILIA"
SP,61913,Por uma nova Bady
SP,72257,Coragem para Mudar
SP,72257,SEGURANÇA PARA SEGUIR MUDANDO
SP,67717,EQUILIBRIO E UNIÃO
SP,65471,Tradição e Prosperidade
SP,69310,O PROPÓSITO QUE NOS UNE
SP,61689,Unidos por Engenheiro Coelho
SP,71471,COLIGAÇÃO TRANSFORMANDO SONHOS EM REALIDADE
SP,63193,Um novo tempo chegou
SP,71153,SÃO SEBASTIAO NO NOSSO CORAÇÃO
SP,61808,TRABALHO E TRANSPARÊNCIA
SP,61433,ANGATUBA EM BOAS MÃOS
SP,61433,UNIDOS POR ANGATUBA
SP,65510,COLIGAÇÃO A CONTINUIDADE QUE ITAPEVI PRECISA
SP,62057,FORÇA E RENOVAÇÃO POR BARRA BONITA
SP,62057,O TRABALHO VAI CONTINUAR
SP,68810,EXPERIENCIA E INOVAÇÃO COM LEALDADE AO POVO PIRANGIENSE
SP,61581,JUNTOS POR UM ALAMBARI CADA VEZ MELHOR
SP,69973,MUDANÇA COM VERDADE
SP,61948,O PROGRESSO TEM QUE CONTINUAR
SP,66052,"Um Novo Tempo, Uma Nova História"
SP,69434,Avança Rafard 
SP,61875,POR UMA AVANHANDAVA PRÓSPERA E UNIDA PARA TODOS
SP,72150,Só faz história quem já tem história
SP,70114,SANDOVALINA AINDA MELHOR
SP,68870,AVANÇA PIRASSUNUNGA
SP,69990,¿Estamos Juntos¿
SP,65552,FEDERAÇÃO
SP,69515,UNIÃO E LIBERDADE
SP,63975,Eldorado em Boas Mãos
SP,61093,ÁGUAS DE LINDÓIA PODE MAIS
SP,63690,CRUZEIRO NO RUMO CERTO
SP,63991,PARA ELIAS FAUSTO CONTINUAR A AVANÇAR
SP,63991,"Um novo Tempo, Um novo Rumo"
SP,64270,PARA MORATO SEGUIR AVANÇANDO
SP,61450,UM ABRAÇO QUE NÃO DEIXA NINGUEM DE FORA
SP,61956,BÁLSAMO NO RUMO CERTO
SP,63010,"CÂNDIDO MOTA, O FUTURO É AGORA"
SP,72737,FEDERAÇÃO
SP,70653,FEDERAÇÃO
SP,62510,Democracia Cristã e Solidariedade Bragança Paulista pode ir além
SP,69671,EXPERIÊNCIA PARA FAZER AINDA MAIS!
SP,69299,TODOS POR PRUDENTE
SP,62812,A Coragem Que Fez Caieiras Mudar
SP,65935,UNIDOS POR JACUPIRANGA
SP,62871,Amor por Cajobi e Monte Verde
SP,66150,TRANSPARÊNCIA JUVENTUDE E EXPERIÊNCIA
SP,70190, UNIDOS POR AGUAS 
SP,64459,"GUAIÇARA COM AMOR, RESPEITO E DESENVOLVIMENTO"
SP,64335,FEDERAÇÃO
SP,64831,FEDERAÇÃO
SP,65234,"TRABALHO, EXPERIÊNCIA E RESPEITO, PARA RECONSTRUIR IPEÚNA"
SP,61964,FEDERAÇÃO
SP,64092,¿TRABALHO E RESPEITO PELO POVO¿
SP,71730,TODOS POR TAPIRATIBA
SP,64998,RENOVAÇÃO E TRABALHO
SP,68098,FEDERAÇÃO
SP,61492,FEDERAÇÃO
SP,62634,FEDERAÇÃO
SP,64351,FEDERAÇÃO
SP,66516,FEDERAÇÃO
SP,66176,FEDERAÇÃO
SP,66796,FEDERAÇÃO
SP,70092,FEDERAÇÃO
SP,64955,EXPERIÊNCIA E RESPONSABILIDADE
SP,65412,O TRABALHO QUE CONSTRÓI
SP,66290,JUNTOS POR LARANJAL
SP,66290,AMOR POR LARANJAL
SP,67318,PARA MONTE AZUL SEGUIR EM FRENTE
SP,68594,GOVERNAR PARA TODOS
SP,69477,RENOVAÇÃO POR REDENÇÃO
SP,70050,PRA FRENTE COM VOCÊ
SP,62260,GESTÃO ÉTICA E TRANSPARENTE
SP,61921,DE MÃOS DADAS COM O POVO
SP,62634,OPORTUNIDADE PARA TODOS
SP,61182,EMBAÚBA NO RUMO CERTO
SP,62146,PRATÂNIA EM BOAS MÃOS
SP,64297,¿O FUTURO DE FRANCO JÁ COMEÇOU
SP,61042,"MAIS POR VOCÊ, SEMPRE POR TARUMÃ"
SP,63231,ENDIREITA CATANDUVA
SP,63452,ATITUDE E CORAGEM PARA PROGREDIR
SP,64530,UNIDOS PARA RECONSTRUIR
SP,64114,"Um NOVO caminho, Avante Fernandópolis!"
SP,72419,FEDERAÇÃO
SP,68411,"COM UNIÃO E AMOR POR PEDREGULHO, SEGUIMOS EM FRENTE RUMO A UM FUTURO AINDA MELHOR!"
SP,69493,RENOVAÇÃO COM TRANSPARÊNCIA
SP,69752,PARA RINCÃO SEGUIR EM FRENTE
SP,71234,"FÉ EM DEUS, HUMILDADE E TRABALHO "
SP,61085,FEDERAÇÃO
SP,69191,FEDERAÇÃO
SP,64912,"MUDANÇA, UNIÃO E COMPROMISSO COM RENOVAÇÃO"
SP,65595,ITAPUI NO RUMO CERTO
SP,67113,RENOVA MOCOCA TODOS JUNTOS POR UMA MOCOCA MELHOR
SP,67377,MONTE MOR MERECE O MELHOR
SP,67377,MONTE MOR NO RUMO CERTO
SP,67970,JUNTOS CONSTRUINDO O FUTURO COM TRABALHO E RESPEITO
SP,72052,UNIDOS POR TURIUBA
SP,69736,FEDERAÇÃO
SP,64874,IBATÉ MERECE MAIS 
SP,65870,JABOTICABAL NO CORAÇÃO
SP,71030,UM TEMPO NOVO PARA O BEM DO POVO
SP,63215," O mesmo amor, um novo olhar "
SP,64190,COLIGAÇÃO FLOREAL EM BOAS MÃOS
SP,64653,ENDIREITA GUARARAPES
SP,63290,UNIDOS POR CERQUEIRA
SP,63398,JUNTOS SOMOS MAIS FORTES
SP,63851,FEDERAÇÃO
SP,61743,FEDERAÇÃO
SP,66435,O PROGRESSO CONTINUA
SP,70378,SANTA ISABEL NAS MÃOS DO POVO
SP,70378,FORÇA PARA VENCER CORAGEM PARA MUDAR
SP,61670,FEDERAÇÃO
SP,64653,FEDERAÇÃO
SP,63894,FEDERAÇÃO
SP,64718,FEDERAÇÃO
SP,65854,FEDERAÇÃO
SP,67350,FEDERAÇÃO
SP,68330,FEDERAÇÃO
SP,61107,HONESTIDADE E TRABALHO GUATAPARÁ MERECE MAIS
SP,66990,DE MÃOS DADAS COM O POVO
SP,67415,RENOVA MORUNGABA
SP,67911,"Deus, Bressane e família!"
SP,72354,ORDEM E PROGRESSO
SP,64939,CASA EM ORDEM E SAUDE PARA TODOS
SP,65137,UNIDOS POR UMA INDIANA MELHOR
SP,63916,UM NOVO CAMINHO PARA DUARTINA
SP,66150,"JUNTOS PELA CIDADE COM PLANEJAMENTO, EXPERIÊNCIA, FAMÍLIA E TRABALHO"
SP,68179,COM O POVO PARA AVANÇAR
SP,67032,"SOMENTE COM UNIAO, MIRANDOPOLIS PODE MUDAR"
SP,68314,PAULÍNIA NA FORÇA DA FÉ COM O TIME DO BEM
SP,71056,SÃO MIGUEL MERECE MAIS
SP,72133,"UCHOA, TERRA ABENÇOADA E DE GENTE BOA"
SP,61654,"RECONSTRUÇÃO, ESPERANÇA E TRABALHO"
SP,61832,PARA AURIFLAMA CRESCER MUITO MAIS
SP,63096,PARA CAPIVARI CONTINUAR AVANÇANDO
SP,62170,TODOS POR BATATAIS
SP,62332,FEDERAÇÃO
SP,63550,FEDERAÇÃO
SP,64211,FEDERAÇÃO
SP,65773,"É HORA DE PROGREDIR, ITOBI."
SP,69531,MUDA REGISTRO
SP,66230,JUQUIÁ - O FUTURO COMEÇA AGORA
SP,66478,LOUVEIRA NO CAMINHO CERTO
SP,67431,Murutinga para todos
SP,68276,PATROCÍNIO SEMPRE PRA FRENTE
SP,68276,  OS BONS TEMPOS ESTÃO DE VOLTA 
SP,61379,AMPARO MERECE MAIS
SP,61379,Experiência e Inovação
SP,61930,União por Balbinos
SP,67059,"# JUNTOS, SOMOS + FORTES #"
SP,67571,JUNTOS PODEMOS IR AVANTE
SP,70319,¿JUNTOS SOMOS MAIS FORTES¿
SP,70416,"DEDICAÇÃO,TRABALHO,UNIÃO E TRANSPARÊNCIA"
SP,70998,SÃO JOSÉ DO JEITO CERTO
SP,66257,JUQUITIBA PODE E MERECE MAIS(+)
SP,68136,RESPEITO COM O POVO E COMPROMISSO COM O FUTURO
SP,68578,MUDANÇA DE VERDADE COM FÉ E HONESTIDADE
SP,69191,PRADÓPOLIS MERECE MAIS
SP,71072,AMOR POR SÃO PAULO
SP,63479,JUNTOS PELO BEM DE CONCHAS
SP,63177,Por uma Casa Branca Melhor
SP,61387,EMILIANÓPOLIS PODE MAIS
SP,64670,UMA NOVA GUARAREMA A CADA DIA
SP,72230,FEDERAÇÃO
SP,70394,FEDERAÇÃO
SP,69051,AMOR E CUIDADO POR PONTAL
SP,70939," TRABALHO E DEDICAÇÃO DESDE SEMPRE, BARREIRO NAS MÃOS DE GENTE DA GENTE "
SP,68055,Transparência e Participação
SP,64491,FEDERAÇÃO
SP,62570,UM NOVO CAMINHO
SP,61263,ARAÇARIGUAMA MERECE MUITO MAIS
SP,61573,UNIDOS POR UMA ARAÇOIABA MELHOR 
SP,66397,LIMEIRA CORAÇÃO DA GENTE
SP,66397,A MUDANÇA QUE LIMEIRA QUER 
SP,69230,O Progresso Continua
SP,70610,POSSE MERECE MUITO MAIS!
SP,64491,JUNTOS PELA VERDADE E UNIDOS PELA TRADIÇÃO
SP,62278,O trabalho vai continuar!
SP,62650,  RESPEITO POR NOSSA GENTE 
SP,63070,CAPELA EM BOAS MÃOS
SP,69574,FEDERAÇÃO
SP,70491,FEDERAÇÃO
SP,62227,FEDERAÇÃO
SP,69590,"RIBEIRÃO BONITO E GUARAPIRANGA: CIDADE FELIZ, É CIDADE COM SAÚDE"
SP,69892,ADMINISTRAÇÃO PARA TODOS
SP,61620,A FORÇA DO POVO DE BEM - POR AMOR À NOSSA TUIUTI 
SP,62359,FEDERAÇÃO
SP,66133,JUNTOS PARA O PROGRESSO CONTINUAR
SP,69795,Para Rio Claro Continuar Mudando
SP,69795,UNIDADE PROGRESSISTA
SP,70351,PODEMOS AINDA MAIS
SP,71013,VIRANDO A PÁGINA
SP,71579,UMA NOVA ESPERANÇA PARA TABOÃO 
SP,72435,JUNTOS POR UM NOVO TEMPO
SP,72435,A MUDANÇA É AGORA
SP,62090,COM VOCÊ MUDAMOS BARRETOS
SP,63754,"A FORÇA DA COMUNIDADE, O PODER DA UNIAO"
SP,62790,A HUMILDADE É A ESSÊNCIA DA VIDA
SP,68292,FEDERAÇÃO
SP,71013,FEDERAÇÃO
SP,65374,"TRABALHO, HONESTIDADE E TRANSPARÊNCIA"
SP,65676,COMPROMISSO COM A MUDANÇA
SP,65218,IPERÓ NO CAMINHO CERTO
SP,67016,CORAGEM PRA MUDAR
SP,68519,PEREIRAS DE TODOS NOS
SP,68438,Pedreira para todos
SP,68810,MAIS FORTE DO QUE NUNCA
SP,71552,PARA SEGUIR CUIDANDO DE TABATINGA
SP,63118,CARAGUÁ FELIZ DE NOVO
SP,66133,FEDERAÇÃO
SP,69159,FEDERAÇÃO
SP,68551,UNIDOS POR PIACATU
SP,71439,PRA CIMA SOCORRO
SP,72451,Votu Segue Avançando
SP,61026,FEDERAÇÃO
SP,63797,FEDERAÇÃO
SP,67431,FEDERAÇÃO
SP,63959,"Nossa  História, Nosso Compromisso"
SP,64211,JUNTOS POR FLORIDA
SP,65811,"Juntos Pela Mudança, de Verdade"
SP,66117,  CONTINUAR É PRECISO  
SP,67636," RENOVAÇÃO,MUDANÇA E TRANSPARÊNCIA  "
SP,65919,FEDERAÇÃO
SP,67270,FEDERAÇÃO
SP,64238,O TRABALHO CONTINUA
SP,64076,FEDERAÇÃO
SP,65137,FEDERAÇÃO
SP,67270,"JUNTOS DE NOVO, COM A FORÇA DO POVO"
SP,70297,PRA FRENTE SANTA CRUZ
SP,70912,SÃO JOSÉ PARA TODOS 
SP,71390,PREFEITURA DE PORTAS ABERTAS PARA O POVO
SP,68055,FEDERAÇÃO
SP,68675,FEDERAÇÃO
SP,70696,FEDERAÇÃO
SP,65498,ITAPEVA PRA FRENTE
SP,61743,HOLAMBRA UNIDA E FORTE
SP,65110,FAZ MAIS PARA INDAIATUBA
SP,65153,JUNTOS PODEMOS MAIS
SP,65633,GOVERNO DO POVO
SP,69710,JUNTOS PELA RENOVAÇÃO 
SP,68390,EM BUSCA DE UM MUNICIPIO PARA TODOS
SP,70572,PRA SANTO ANDRÉ AVANÇAR AINDA MAIS
SP,71870,PT E PSOL POR AMOR A TEODORO SAMPAIO/SP
SP,71870,RESPEITO E CIDADANIA
SP,71951,TORRINHA NO CORAÇÃO DA GENTE
SP,62138,BARUERI NÃO PODE PARAR
SP,72435,PARA VOTORANTIM EU DIGO SIM 
SP,68195,JUNTOS SOMOS MAIS FORTES
SP,72311,VARGEM PODE MAIS
SP,70971,AMOR POR RIO PRETO
SP,70971,"Rio Preto Pra Todos, Pra Frente e Pra Já!  "
SP,62731,Mãos dadas para RECONSTRUIR Cachoeira
SP,69914,RUBINÉIA NO CAMINHO CERTO
SP,61336,"EXPERIÊNCIA, MUDANÇA E FUTURO"
SP,61379,Trabalho Que Transforma Amparo!
SP,62596,Juntos por Brotas
SP,63657,"O TRABALHO NÃO PODE PARAR ( MDB, PSD, PSB, REBUPLICANOS E UNIÃO BRASIL)"
SP,66451,O FUTURO QUE LORENA MERECE
SP,69850,Riolândia sempre em frente
SP,64270,A FORÇA DA MUDANÇA
SP,64173,"FLORA RICA DE CARA NOVA, O FUTURO É AGORA"
SP,62120,"HONESTIDADE, UNIÃO E PROGRESSO!"
SP,70955,ENDIREITA RIO PARDO
SP,62715,ALIANÇA PARA UMA CAÇAPAVA MELHOR!
SP,66079,A MUDANÇA CONTINUA
SP,68373,UNIDOS POR PEDRA BELA
SP,72095,Ubatuba de Cara Nova
SP,63053,CAPÃO BONITO NÃO PODE PARAR
SP,62332,Por amor a Boa Esperança 
SP,65897,VIVA JACAREI
SP,68314,DU CAZELLATO E VOCÊ
SP,68314,Um novo olhar para Paulínia
SP,67199,FÉ E ESPERANÇA
SP,61492,APARECIDA É NOSSA HISTORIA
SP,61492,DESENVOLVE APARECIDA
SP,72419,UNIÃO PELA CONTINUIDADE DO BEM 
SP,61905,FEDERAÇÃO
SP,61077,PRATA DA ESPERANÇA
SP,62111,A ESPERANÇA MORA NO CORAÇÃO
SP,62090,O FUTURO COMEÇA AGORA
SP,62197,BAURU DA ESPERANÇA
SP,65277,COMPETENCIA E AMOR POR IPUA
SP,67652,NOSSA FORÇA VEM DO POVO
SP,61778,AMOR POR ARUJÁ
SP,61468,UBARANA EM BOAS MÃOS
SP,62367,COLIGAÇÃO UNIDOS PARA O BEM
SP,65137,O TRABALHO NAO PODE PARAR
SP,69396,FEDERAÇÃO
SP,61158,UNIÃO E RENOVAÇÃO
SP,61280,UNIÃO POR BERTIOGA
SP,69272,União por Epitacio 
SP,69272,O FUTURO É AGORA
SP,68713,O TRABALHO NÃO PODE PARAR
SP,69213,A VOZ DO POVO
SP,63150,¿Cardoso para todos¿ 
SP,66370,AMOR POR LENÇÓIS
SP,66370,LENÇÓIS DE TODOS NÓS
SP,68675,Juntos Podemos Mais
SP,65978,JALES SEMPRE PARA FRENTE
SP,61824,"PARISI, QUEM SABE FAZ!"
SP,62146,O BEM PARA O POVO TEM QUE CONTINUAR
SP,62146, A MUDANÇA SÓ DEPENDE DE VOC
SP,62413,O TRABALHO DEVE CONTINUAR
SP,62235,ZÉ LUIZ E IRMÃ NÉIA  CUIDANDO DA NOSSA GENTE COM HONESTIDADE E COMPROMISSO
SP,67458,NARANDIBA PARA TODOS
SP,69655,FEDERAÇÃO
SP,61301,FEDERAÇÃO
SP,70599,Santo Antônio mais forte
SP,61042,FEDERAÇÃO
SP,68292,PAULICEIA NÃO PODE PARAR
SP,63770,UNIDOS POR DIADEMA
SP,71595,COLIGAÇÃO RENOVA TACIBA
SP,61530,O TRABALHO PRECISA CONTINUAR
SP,61530,"APIAÍ PARA TODOS, COM HUMANIDADE E RESPEITO"
SP,62189,Coligação Unidos por Santa Cruz
SP,69256,BERNARDES NO RUMO CERTO
SP,69256," ¿EXPERIÊNCIA E INOVAÇÃO, PRESIDENTE BERNARDES NO CORAÇÃO¿"
SP,63495,"ESSA MUDANÇA, INCLUI VOCÊ!"
SP,63495,CORDEIRÓPOLIS NÃO PODE PARAR
SP,65196,GOVERNO DE IPAUSSU JUNTO COM O POVO
SP,65013,VAMOS FAZER AINDA MAIS
SP,63258,CATIGUÁ EM BOAS MÃOS
SP,70998,SAO JOSÉ BOA PARA TODOS
SP,69612,RIBEIRAO BRANCO PRA FRENTE 
SP,69698,PRÁ RIBEIRÃO AVANÇAR
SP,64556, UM NOVO CAMINHO PARA GUARÁ E PIONEIROS 
SP,63037,¿NÓS SOMOS CÂNDIDO RODRIGUES SEMPRE¿
SP,71790,"RENOVAÇÃO, TRANSPARÊNCIA E COMPETÊNCIA"
SP,64114,Para Mudar Fernandópolis
SP,71935,RENOVA TIMBURI
SP,67814,"A vontade do povo, tem data marcada."
SP,65757,ITIRAPUÃ NÃO PODE PARAR
SP,64890,O Progresso está de Volta
SP,63118,MUDANÇA JÁ CARAGUA
SP,71331,O Povo terá voz
SP,66834,Marinópolis no Rumo Certo
SP,69116,CONECTANDO PORANGABA COM O PROGRESSO
SP,61905,RUMO CERTO
SP,62383,¿UNIDOS POR OUROESTE E ARABA¿ 
SP,62103,CANAS PARA TODOS
SP,64610,UMA NOVA HISTÓRIA VEM AI!
SP,62260,TAQUARAL NO RUMO CERTO
SP,67555,FEDERAÇÃO
SP,65994,JUNTOS SOMOS MAIS FORTES
SP,65994,JAMBEIRO NO CAMINHO CERTO!
SP,72230,JUNTOS ESTAMOS MAIS FORTE 
SP,72230,JUNTOS POR VALENTIM GENTIL
SP,66737,¿UNIDOS POR MANDURI¿
SP,66737,¿EXPERIÊNCIA E COMPROMISSO PARA FAZER AINDA MAIS¿
SP,65790,MUDANÇA SEM RISCO
SP,61646,Renovar é Preciso
SP,61794,ASSIS MERECE MAIS
SP,68799,PIRAJUÍ NO RUMO CERTO
SP,62049,JUNTOS CONTINUAMOS FAZENDO A DIFERENÇA
SP,71170,GRAMA PREPARADA
SP,71170,COMPROMISSO RENOVADO! JUNTOS POR GRAMA
SP,66699,REPUBLICANOS/MOBILIZA
SP,64319,JUNTOS POR GABRIEL MONTEIRO
SP,64335,¿GÁLIA NO CAMINHO CERTO¿
SP,68934,JUNTOS PODEMOS FAZER A DIFERENÇA 
SP,61085,Iaras para todos
SP,70475,PRA CIMA PARNAÍBA
SP,63878,"CUIDANDO DO PRESENTE, CONSTRUINDO O FUTURO"
SP,63878,Trabalhando Pelo Povo
SP,62251,¿BERNARDINO PODE MAIS¿
SP,70939,É TEMPO DE MUDANÇA. SÃO JOSÉ DO BARREIRO PODE MAIS!
SP,72737,Pra Cuidar da Nossa Gente
SP,71838,UM NOVO CAMINHO PARA TAUBATÉ
SP,62910,CAMPINAS DO LADO CERTO
SP,70130,A MUDANÇA QUE VOCÊ QUER ESTÁ NAS SUAS MÃOS
SP,61964,"COMPROMISSO, COMPETÊNCIA E HONESTIDADE"
SP,69035,Pongaí no Caminho Certo
SP,65390,ITAJOBI ACIMA DE TUDO
SP,62030,DESENVOLVE BARIRI
SP,71277,UNIDOS PELO POVO
SP,67113,UNIDOS PARA MUDAR MOCOCA
SP,65072,Fazer diferente. Cuidando de gente. 
SP,61816,ATIBAIA EM BOAS MÃOS
SP,62081,"UNIÃO, TRABALHO E PROGRESSO"
SP,68233,CONSTRUINDO UMA NOVA HISTORIA
SP,68233,"AMOR POR PARDINHO, RESPEITO POR VOCE"
SP,71374,SETE BARRAS MERECE MAIS
SP,62200,"Unidos venceremos, juntos por Santa Salete."
SP,70092, JUNTOS PELA TRANSFORMAÇÃO. AS CONQUISTAS NÃO PODEM PARAR 
SP,63274,CEDRAL NO CAMINHO CERTO
SP,65919,JUNTOS POR JACI
SP,67890,Um NOVO tempo para Osasco
SP,65471,PRESENTE PARA O FUTURO
SP,66397,LIMEIRA FORTE DE NOVO
SP,66192,"Na nossa Jundiaí, o que mais importa são as pessoas"
SP,70670,UNIÃO QUE TRANSFORMA
SP,65617,O Trabalho tem que continuar
SP,71153,SÃO SEBÁ VAI SER AINDA MELHOR
SP,69752,JUNTOS POR RINCÃO
SP,64017,PARA CONTINUAR AVANÇANDO
SP,67237,Juntos por Mongaguá
SP,61034,"UNIDOS COM POVO, RUMOA A UMA NOVA HISTÓRIA PARA ADOLFO"
SP,71099,JUNTOS POR UMA SÃO PEDRO MELHOR
SP,61484,CAJATI PARA TODOS
SP,65498,RENOVAR ITAPEVA
SP,69736,LIBERDADE PARA TODOS
SP,69736,PARA RIFAINA CONTINUAR CRESCENDO
SP,61875,AVANHANDAVA NÃO PODE PARAR
SP,69132,O POVO ACIMA DE TUDO!
SP,64815,novamente com o povo
SP,69779,PSD/UNIÃO BRASIL
SP,62790,UNIDOS PARA O PROGRESSO CONTINUAR
SP,62359,BOCAINA DE VOLTA PARA O POVO
SP,68217,Juntos Somos uma Parapuã Mais Forte
SP,62081,BREJO ALEGRE MERECE MAIS
SP,61620,FEDERAÇÃO
SP,67237,CUIDAR É O CAMINHO
SP,68098,TODOS POR PANORAMA
SP,61107,"UNIÃO, HONESTIDADE E TRABALHO, GUATAPARÁ MERECE MAIS"
SP,61140,"JUNTOS PELO POVO, COM O POVO E PARA O POVO"
SP,61735,FEDERAÇÃO
SP,62057,"CUIDANDO DAS PESSOAS, TRANSFORMANDO O FUTURO"
SP,63932,A UNIÃO QUE DUMONT PRECISA
SP,62197,É MAIS TRABALHO COM AMOR POR BAURU
SP,63770,MOVIMENTO DO BEM
SP,64394,JUNTOS PODEMOS MUDAR GENERAL SALGADO
SP,64394,FEDERAÇÃO
SP,64637,Unidos por Guarantã
SP,63134,"UNIÃO, TRABALHO E EXPERIÊNCIA"
SP,67237,DE VOLTA AO CAMINHO
SP,69450,DE MÃOS DADAS COM O POVO
SP,70130,O AMOR E A EXPERIÊNCIA CONSTROEM
SP,61603,ITAOCA EM BOAS MÃOS COM O POVO PELO POVO
SP,71676,QUEM AMA TAMBAU FAZ MAIS
SP,68616,"VAMOS CUIDAR DE PINDA, CUIDAR DE NOSSA GENTE"
SP,63371, UNIÃO E EXPERIÊNCIA FAZ A DIFERENÇA 
SP,61107,GUATAPARA UNIDA
SP,72117,JUNTOS POR UMA CIDADE MELHOR
SP,64173,FEDERAÇÃO
SP,66230,FEDERAÇÃO
SP,69795,Força da Gente
SP,71994,FEDERAÇÃO
SP,61590,ARAMINA SOMOS TODOS NÓS
SP,61999,"JUNTOS, TRANSFORMANDO SONHO EM REALIDADE "
SP,63215,HONESTIDADE E TRABALHO PARA SEGUIR AVANÇANDO
SP,66672,"UNIÃO, AMOR E TRABALHO"
SP,68330,RENOVAÇÃO E TRANSPARÊNCIA
SP,69337,PROMISSÃO PODE MAIS
SP,69930,CONSTRUINDO O FUTURO
SP,71536,RENOVAÇÃO E PROGRESSO
SP,67652,FEDERAÇÃO
SP,64955,União por Ibiúna
SP,64955,DESENVOLVE IBIÚNA
SP,65390,HONESTIDADE E TRABALHO
SP,67318,É GENTE QUE CUIDA DA GENTE
SP,68594,DESENVOLVIMENTO COM QUALIDADE DE VIDA
SP,69574,RIBEIRA A UNIÃO FAZ A FORÇA
SP,70050,SALTO UNIÃO E ESPERANÇA
SP,70050,MUDANÇA DE VERDADE
SP,66494,"Lucélia, o futuro é agora"
SP,71510,JUNTOS PARA SUZANO SEGUIR AVANÇANDO
SP,62073,A Renovação Chegou
SP,62294,COLIGAÇÃO BIRIGUI DA ESPERANÇA
SP,62294,Birigui minha paixão!
SP,62634,"AGORA É A NOSSA VEZ, POVO E GOVERNO JUNTOS"
SP,70211,"SANTA BRANCA, PODEMOS MUITO MAIS"
SP,63231,catanduva merece mais
SP,63533,MUDANÇA CERTA
SP,64033,COLIGAÇÃO EMBU-GUAÇU PODE +
SP,64157,FERRAZ AGORA VAI
SP,64157,A RENOVAÇÃO CHEGOU
SP,63150,CORAGEM PARA MUDAR
SP,62316,BIRITIBA PARA TODOS
SP,63517,Coroados Seguindo em Boas Mãos
SP,69876,FEDERAÇÃO
SP,65897,JACAREÍ SEGUE MUDANDO
SP,68411,Pedregulho saudável e segura
SP,62421,UNIÃO E TRABALHO
SP,71110,"Compromisso, Verdade e Transparência"
SP,71234,"TRABALHO, PROGRESSO E FUTURO"
SP,65595,ITAPUI MERECE MAIS
SP,66095,JERIQUARA PODE MAIS
SP,67970,DE MÃOS DADAS COM O FUTURO
SP,62995,UNIAO POR CANANEIA
SP,64874,CONTINUANDO E CRESCENDO
SP,65455,Uma nova Itapecerica
SP,61069,¿POR UMA MOTUCA MELHOR E MAIS FORTE!¿
SP,62367,PARA O PROGRESSO CONTINUAR
SP,62111, EXPERIÊNCIA E JUVENTUDE POR BARRINHA 
SP,62430,O PROGRESSO CONTINUA
SP,62952,"CAMPOS MERECE MAIS, É A NOSSA VEZ!"
SP,61638,Frente Democrática de Araraquara
SP,62065,ARCO-ÍRIS NO RUMO CERTO
SP,62839,JUNTOS SOMOS MAIS FORTES
SP,62103,CANAS MERECE MAIS
SP,63053,Mudança e esperança
SP,64416,GETULINA NO RUMO CERTO
SP,61514,FEDERAÇÃO
SP,63754,FEDERAÇÃO
SP,66710,Mairiporã Não Pode Parar
SP,66710,PL-PRD
SP,71455,SOROCABA SEGURA E CONTRA A CORRUPÇÃO
SP,66559,¿Luiziânia: União e Trabalho¿ 
SP,67539,TRABALHO QUE GERA RESULTADOS
SP,71790,RESPONSABILIDADE COM FUTURO
SP,72737,Juntos PODEMOS Mudar
SP,64939,VIVA IBITINGA: RENOVAR PARA AVANÇAR
SP,66150,JUNTOS CONSTRUINDO O FUTURO
SP,66931,¿Meridiano em Boas Mãos¿ 
SP,66931,UNIDOS PELA RECONSTRUÇÃO
SP,71757, PDT e SOLIDARIEDADE
SP,69159, PORTO FERREIRA NÃO PODE PARAR 
SP,71056,SÃO MIGUEL PODE MAIS!
SP,61654,"¨DEUS, ARARAS, FAMÍLIA E LIBERDADE "
SP,64475,AMOR POR GUAIMBÊ
SP,64475,NOSSA FORÇA VEM DO POVO
SP,63592,COSMORAMA UM SÓ POVO
SP,62456,UMA BORACEIA IGUAL PARA TODOS
SP,62456,PRA FRENTE BORACEIA 50+
SP,64750,GUARUJÁ MERECE +
SP,63398,FEDERAÇÃO
SP,66877,"DEUS, PATRIA, FAMÍLIA E LIBERDADE"
SP,71056,FEDERAÇÃO
SP,68110,"ESPERANÇA E GENEROSIDADE, PARA UM FUTURO DE VERDADE"
SP,71099,SÃO PEDRO MERECE MAIS
SP,69175,FEDERAÇÃO
SP,71137,AMOR QUE TRANSBORDA 
SP,68098,JUNTOS OUTRA VEZ. PANORAMA ACIMA DE TUDO. DEUS ACIMA DE TODOS.
SP,68756,DESENROLA PIRACICABA
SP,68756,PIRACICABA DA ESPERANÇA
SP,70718,SANTOS VALLE MUITO MAIS
SP,71978,"TRABALHO QUE TRANSFORMA, HONESTIDADE QUE INSPIRA"
SP,61670," Agora é a hora! Juntos, podemos mudar Arealva. "
SP,63711,JUNTOS PARA CUBATÃO CONTINUAR AVANÇANDO
SP,63177,Casa Branca tem futuro
SP,63177,Casa Branca em Boas Mãos
SP,64459, É HORA DE RECONSTRUIR GUAIÇARA! 
SP,69493,FEDERAÇÃO
SP,66176,Unidos pelo futuro de Júlio Mesquita
SP,66958,UNIAO POR MIGUELOPOLIS
SP,67652,O TRABALHO TEM QUE CONTINUAR
SP,67733,NUPORANGA NÃO PODE PARAR
SP,70335,HUMILDADE E TRABALHO PARA SANTA FÉ AVANÇAR
SP,61263,TRABALHO COM AMOR
SP,61573,ARAÇOIABA PRA FRENTE
SP,65099,JUNTOS PELO BEM DE ILHABELA
SP,67393,RENOVA MORRO AGUDO
SP,72370,COLIGAÇÃO EXPERIÊNCIA E TRABALHO
SP,62154,BASTOS PARA TODOS
SP,64734,GUARIBA MERECE MUDANÇA
SP,63070,CAPELA DO ALTO PARA TODOS
SP,64254,PRA CUIDAR DO POVO
SP,64831,Juntos por amor a Iacanga
SP,66770,UNIDOS POR MARACAI
SP,69590,O Trabalho Sério não Pode Parar
SP,69892,"A CAMINHADA CONTINUA, NOSSO POVO É NOSSO ORGULHO"
SP,66893,VERDADE PARA MAUÁ AVANÇAR
SP,70491,SANTA RITA NÃO PODE PARAR
SP,71013,TODOS JUNTOS POR SÃO LUIZ
SP,71579,JUNTOS PRA SEGUIR MUDANDO TABOÃO
SP,62910,mudança de verdade
SP,63975,CONSTRUINDO UM NOVO TEMPO
SP,64378,FEDERAÇÃO
SP,66451,FEDERAÇÃO
SP,65676,UNIDOS POR ITARIRI
SP,67334,MONTE CASTELO PARA TODOS
SP,68217,"HONESTIDADE, TRABALHO E CONTINUIDADE"
SP,67490,JUNTOS POR NAZARÉ
SP,69310,Todos por Venceslau
SP,71595,JUNTOS PELO FUTURO DE TACIBA
SP,62227,Unidos por Vitória Brasil
SP,64378,UNIDOS POR GASTAO
SP,61727,"O TRABALHO TEM QUE CONTINUAR, HORTOLÂNDIA NÃO PODE PARAR"
SP,65730,PARA RECONSTRUIR ITIRAPINA 
SP,65811,UNINDO A HISTÓRIA AO FUTURO
SP,67598,POR UMA NOVA EUROPA MAIS JUSTA
SP,68233,FEDERAÇÃO
SP,62081,ESPERANÇA DE UM NOVO TEMPO
SP,67270,"MONTE ALTO, DESENVOLVIMENTO COM EXPERIÊNCIA E INOVAÇÃO"
SP,67814,O TRABALHO NÃO PODE PARAR
SP,70912,PARA SÃO JOSÉ SEGUIR EM FRENTE
SP,71412,UNIDOS PELO PROGRESSO DE SILVEIRAS
SP,71650,PRA SER DIFERENTE
SP,65536,MOBILIZA ITAPIRA POR UMA CIDADE MELHOR
SP,65536,RENOVA ITAPIRA
SP,70750,JUNTOS POR SÃO BERNARDO
SP,72338," É PROGRESSO, É MAIS FUTURO "
SP,61212,GENTE CUIDANDO DE GENTE
SP,61611,"HUMILDADE, TRABALHO E RESPEITO"
SP,62715,PARA TRANSFORMAR CAÇAPAVA
SP,69159,União Experiência e Amor por Porto Ferreira
SP,64297,UNINDO FORÇAS E CONSTRUINDO SONHOS
SP,72311,ACORDA VARGEM GRANDE DO SUL
SP,61972,JUNTOS POR BANANAL
SP,67792,QUEM AMA OLIMPIA CUIDA
SP,68616,PINDA PRA FRENTE
SP,62154,EXPERIÊNCIA E JUVENTUDE
SP,62154,A RENOVAÇÃO QUE BASTOS CONFIA
SP,70513,EXPERIÊNCIA E JUVENTUDE
SP,71757,"CORAGEM, JUVENTUDE E FÉ"
SP,63711,DIAS MELHORES PARA CUBATÃO
SP,67997,A MUDANÇA QUE QUEREMOS
SP,61549,PRA VARGEM SEGUIR AVANCANDO
SP,62359,JUNTOS SOMOS MAIS FORTES
SP,69850, A FORÇA DO POVO 
SP,62120,PRACINHA NO CAMINHO CERTO
SP,70955,AMOR E FE
SP,67016,CONTINUIDADE  E COMPROMISSO POR MIRA ESTRELA
SP,66273,MANTENDO O PROGRESSO E GARANTINDO O FUTURO
SP,71358,SERTÃOZINHO E CRUZ DAS POSSES GRANDES DE NOVO
SP,66095,JUNTOS FAREMOS MAIS
SP,64416,O FUTURO É AGORA
SP,62162,Quadra para todos
SP,68152,EXPERIÊNCIA QUE FAZ A DIFERENÇA
SP,61840,TAQUARIVAÍ NÃO PODE PARAR
SP,68314,PAULÍNIA VAI VOLTAR A SER FELIZ
SP,61077,ÁGUAS DA PRATA EM PRIMEIRO LUGAR
SP,69671,RIBEIRÃO PIRES PARA TODOS
SP,72036,UNIDOS PELA FAMILIA TUPIENSE
SP,61557,ARAÇATUBA NA DIREÇÃO CERTA
SP,61158,UNIDOS POR MARCONDES
SP,65552,Pra Itápolis Seguir em Frente
SP,61204,GENTE QUE CUIDA DA GENTE
SP,66958,RENOVA MIGUELÓPOLIS
SP,66079,Jaú Pode Mais
SP,72273,"PRA FRENTE, PRA TODOS E PRA JÁ"
SP,61468,DA SIMPLICIDADE A INOVAÇÃO: JUNTOS PELO POVO
SP,63096,Por uma só Capivari
SP,61921,Zacarias Não Pode Parar
SP,62235,GONÇALVIO E MARINETE  BENTO DE ABREU NO RUMO CERTO
SP,61018,TRABALHO POR ADAMANTINA
SP,68756,PELO BEM DE PIRACICABA
SP,61530,"PSDB COM CIDADNIA, PODEMOS IR AVANTE"
SP,67075,VAMOS JUNTOS MIRASSOL
SP,61751,AMOR E CORAGEM POR ARTUR NOGUEIRA
SP,63495,Mudar   Avançar
SP,70076,JUNTOS POR SALTO DE PIRAPORA
SP,63690,O povo de Cruzeiro merece tudo de  melhor
SP,64750,AMOR PELO GUARUJÁ
SP,71390,"União, Paz e Trabalho em Ação"
SP,66656,COMPROMISSO COM O FUTURO
SP,61409,JUSTIÇA E TRABALHO
SP,69353,UM NOVO TEMPO
SP,69990,Um novo tempo começa agora
SP,64890,+ IBIRÁ
SP,63673,TODOS POR CRUZALIA
SP,69558,"TRABALHO E PROGESSO, RESTINGA NO CAMINHO CERTO "
SP,68357,PEDERNEIRAS PRA FRENTE COM CORAGEM
SP,65250,Unidos por Iporanga
SP,70270,EXPERIÊNCIA E COMPETÊNCIA
SP,68535,ATITUDE MUDA TUDO
SP,67636,"¿TRABALHO, EXPERIÊNCIA E COMPETÊNCIA¿"
SP,71030,O TRABALHO CONTINUA
SP,64874,É TEMPO DE MUDANÇA
SP,62812,Juntos pela Caieiras do Futuro
SP,62812,JUNTOS PARA CUIDAR DE CAIEIRAS
SP,68071,PRA PALMITAL SEGUIR AVANÇANDO! 
SP,68071,ENDIREITA PALMITAL
SP,63894,DRACENA NÃO PODE PARAR
SP,66257,VAMOS JUNTOS CONSTRUIR MAIS OPORTUNIDADES PARA JUQUITIBA
SP,69515,"Reginópolis, União de Todos"
SP,69515,Juntos por uma  Reginópolis ainda Melhor
SP,66036,UNIDOS PARA MUDAR
SP,66974,"O TRABALHO CONTINUA, PORQUE O POVO MEREÇE!"
SP,63533,UNIDOS PARA AVANCAR
SP,71455,SOROCABA NO CORAÇÃO
SP,63312,COLIGAÇÃO UMA ALIANÇA PARA O POVO
SP,63312,ENDIREITA CERQUILHO. DE VOLTA AO CAMINHO CERTO.
SP,61247,O TRABALHO TEM QUE CONTINUAR
SP,61832,ESPERANÇA RENOVADA
SP,61042,TARUMÃ DE TODOS NÓS
SP,62510,O Melhor Para Bragança
SP,64939,IBITINGA NO CAMINHO CERTO 
SP,64971,RECONSTRUINDO ICÉM
SP,61964,JUNTOS POR UMA CIDADE CADA VEZ MELHOR
SP,65650,Pelo povo e pelo Progresso
SP,65650,Juntos Somos Mais Fortes
SP,62138,AQUI TEM BARUERI
SP,68098, JUNTOS PARA INOVAR 
SP,70874,PAU D ALHO CONTINUANDO EM BOAS MÃOS
SP,65072,PARA IGUAPE SEGUIR EM FRENTE
SP,61816,PELO BEM DE ATIBAIA
SP,61140,"O TRABALHO NÃO PARA, BORA LÁ!"
SP,61174,"JUVENTUDE E EXPERIÊNCIA, NOSSA CIDADE, NOSSO COMPROMISSO. "
SP,62006,ILHA COMPRIDA PARA TODOS
SP,61093,Respeito e Trabalho por Águas de Lindóia
SP,65714,AMAR E SERVIR
SP,61913,RENOVAR COM AMOR E TRABALHO
SP,61913,FRENTE DEMOCRÁTICA MUDA BADY
SP,65170,INUBIA PARA TODOS
SP,63274,UM NOVO TEMPO. UMA NOVA HISTORIA.
SP,62898,CONSTRUINDO UMA NOVA HISTORIA
SP,62898,CAJURU RUMO A RENOVAÇÃO
SP,62898,"CAJURU, O TRABALHO CONTINUA!"
SP,66591,A MUDANÇA CONTINUA
SP,70670,JUNTOS SOMOS MAIS FORTES
SP,70211,SANTA BRANCA EM BOAS MÃOS
SP,61808,EFICIÊNCIA E TRANSPARENCIA
SP,65510,POR UM FUTURO AINDA MELHOR PARA ITAPEVI
SP,62057,Construindo o Futuro com Qualidade de Vida
SP,63592,UNIÃO POR COSMORAMA
SP,61328,UNIÃO DO BEM PARA O BEM DO MUNICIPIO
SP,66052,JARINU PRA FRENTE 
SP,69450,RANCHARIA FELIZ DE NOVO
SP,72150,"CUIDANDO DO PRESENTE, PROJETANDO O FUTURO"
SP,68438,JUNTOS TRANSFORMANDO PEDREIRA
SP,68438,Pedreira Sem Medo 
SP,62065,EXPERIÊNCIA E INOVAÇÃO PELA AMADA POPULAÇÃO
SP,69515,JUNTOS POR UMA REGINOPOLIS MELHOR
SP,68098,  A VERDADEIRA RENOVAÇÃO DE PANORAMA  
SP,61107,GUATAPARÁ SEMPRE EM FRENTE
SP,63975,A NOSSA BANDEIRA É ELDORADO
SP,67237,Juntos para RenovaR
SP,64157,Pra Ferraz ser feliz de novo
SP,61336,RUMO NOVO COM A FORÇA DO POVO
SP,61336,MOVIMENTO RENOVA AMÉRICO
SP,64050,"RENOVAÇÃO, GESTÃO E TRANSPARÊNCIA"
SP,62197,UM NOVO OLHAR POR BAURU
SP,67296,"RENOVAR COM DEDICAÇÃO, TRABALHO E RESPEITO"
SP,72451,A VEZ DO POVO
SP,62510,PODEMOS AGIR POR BRAGANÇA
SP,61166,ROSANA EM BOAS MÃOS: DEMOCRACIA E PROGRESSO
SP,68632,O POVO EM PRIMEIRO LUGAR
SP,63576,UM NOVO TEMPO PARA UMA NOVA HISTÓRIA
SP,70092,UM NOVO TEMPO: HONESTIDADE E RESPEITO
SP,68136,PARAIBUNA DE TODOS
SP,65293,"IRACEMÁPOLIS NAS MÃOS CERTAS, ESPERANÇA DE UM FUTURO"
SP,68853,"FAMILIA, FORÇA E TRABALHO"
SP,68039,UNIDOS PELA CONTINUIDADE
SP,61573,UNIDOS POR ARAÇOIABA DA SERRA
SP,65030,COMPROMISSO COM O FUTURO
SP,71536,TABAPUÃ NO RUMO CERTO
SP,62871,FEDERAÇÃO
SP,65854,"COM UNIÃO, PODEMOS MAIS!"
SP,68012,UNIÃO E TRABALHO
SP,66354,JUNTOS SOMOS MAIS LEME
SP,66630,Unidos Podemos Muito Mais!
SP,66850,POR UMA MARTINÓPOLIS MAIS FORTE
SP,71293,UNIÃO SERRAZULENSE
SP,72176,URÂNIA EM BOAS MÃOS
SP,61352,"JUVENTUDE, EXPERIÊNCIA E INTEGRIDADE POR AMÉRICO DE CAMPOS"
SP,62030,SERIEDADE E CORAGEM: COMPROMISSO COM BARIRI
SP,67172,SEMEANDO A ESPERANÇA
SP,69299,O TRABALHO HONESTO TUDO VENCE
SP,63452,"Conchal Minha Cidade, Meu Orgulho"
SP,64777,EXPERIÊNCIA E FUTURO PRA GUARULHOS
SP,62316,BIRITIBA NO RUMO CERTO: Trabalho e Desenvolvimento
SP,67610,EXPERIENCIA E UNIÃO PELA RECONSTRUÇÃO
SP,64912,IBIRAREMA PARA TODOS
SP,70190,¿ÁGUAS UM NOVO TEMPO VAI COMEÇAR!¿
SP,62995, RENOVAÇÃO E RECONSTRUÇÃO
SP,69973,SALES NÃO PODE PARAR
SP,65455,PARA FAZER MAIS POR ITAPECERICA DA SERRA
SP,66273,"HUMILDADE PARA OUVIR, CORAGEM PARA FAZER"
SP,61751,O DESPERTAR DA MUDANÇA
SP,61891,A MUDANÇA ESTÁ EM NOSSAS MÃOS
SP,61891,Juntos por Avaré
SP,64718,"UM NOVO TEMPO, UMA NOVA HISTÓRIA E UM SÓ POVO."
SP,62219,BEBEDOURO TEM SEDE DE MUDANÇA
SP,66559,FEDERAÇÃO
SP,62006,RENOVAÇÃO E RESPEITO COM O FUTURO DE ILHA COMPRIDA
SP,68730,"Trabalho, Ordem e Progresso - Piracaia é Top"
SP,70114,HONESTIDADE E TRABALHO POR SANDOVALINA
SP,70637,JUNTOS VAMOS FAZER A DIFERENÇA 
SP,70777,Por todos nós
SP,70777,SÃO CAETANO É FUTURO SEGURO
SP,67911,JUNTOS POR UMA OSCAR BRESSANE CADA VEZ MELHOR
SP,68470,PRA PENÁPOLIS CONTINUAR CRESCENDO
SP,64939,Compromisso e Renovação por Ibitinga
SP,65358,COMPROMISSO COM A CONTINUIDADE
SP,63193,JUNTOS SOMOS MAIS FORTES
SP,68179,Paranapanema Cultivando o Futuro
SP,71838,ENDIREITA TAUBATÉ!
SP,67350,"SEJA A MUDANCA, JUNTOS A GENTE ALCANCA"
SP,67938,RENOVAÇÃO E MUDANCA
SP,69159,Porto Ferreira tem cura
SP,70459,"SANTANA EM MOVIMENTO, O TRABALHO CONTINUA"
SP,61280,POR UMA BERTIOGA MAIS HUMANA
SP,70254,NO RUMO CERTO
SP,69272,Renovação e Progresso
SP,72010,Tupã de Todos
SP,61689,FEDERAÇÃO
SP,61123,Unidos por uma Dirce Reis Melhor
SP,61840,FEDERAÇÃO
SP,61018,UNIR PARA CONSTRUIR
SP,71137,SÃO ROQUE EM PRIMEIRO LUGAR
SP,66257,PRA JUQUITIBA DAR CERTO!
SP,67075,Mirassol pra frente outra vez
SP,62340,NANTES PARA TODOS
SP,68098, EXPERIÊNCIA E INOVAÇÃO 
SP,68799,PIRAJUI PARA TODOS
SP,68799,POR AMOR A PIRAJUÍ
SP,61670,JUNTOS POR UMA AREALVA + FORTE
SP,63614,UM NOVO OLHAR PARA COTIA
SP,64459,"CONSTRUINDO SONHOS, SIMPLES ASSIM"
SP,67750,OCAUÇU CONTINUANDO NO CAMINHO CERTO
SP,68977,Muda Poá 
SP,71897,UMA CIDADE PARA TODOS
SP,67296,JUNTOS PELO DESENVOLVIMENTO DE MONTE APRAZIVEL
SP,70335,PRA FRENTE SANTA FÉ
SP,70610,O MELHOR PRA POSSE
SP,70971,COLIGAÇÃO RIO PRETO PODE MAIS
SP,71331,"JUNTOS FIZEMOS MUITO, JUNTOS FAREMOS MAIS. PRA FRENTE SERRA NEGRA"
SP,66516,"¿RESGATANDO O PASSADO, CONSTRUINDO O FUTURO¿"
SP,61867,UNIDOS POR MARAPOAMA
SP,68896,PIRATININGA PODE MAIS
SP,69450,"Juntos, por você e por Rancharia"
SP,69655," UNIDAS PELO PROGRESSO, GUIADAS PELA EXPERIÊNCIA "
SP,69655,JUNTOS PELA FORÇA DO TRABALHO
SP,70513,TRABALHO E FAMÍLIA DÃO RESULTADOS
SP,64130,UNIDOS POR FERNANDO PRESTES E AGULHA
SP,66575,SEU FUTURO CONTINUA EM BOAS MÃOS 
SP,67890,COLIGAÇÃO PRA SEGUIR CUIDANDO DE OSASCO
SP,66311,"RESPEITO,RENOVAÇÃO,HONESTIDADE E PROGRESSO"
SP,67130,CORAGEM PARA FAZER A DIFERENÇA
SP,63576,COSMÓPOLIS SEMPRE EM FRENTE!
SP,66770,FEDERAÇÃO
SP,65676,Juntos por Itariri
SP,71498,UNIDOS POR SUMARÉ
SP,67253,FELIZ CIDADE
SP,68993,Poloni pela lealdade e confiança
SP,61441,"CUIDANDO DO PRESENTE, TRABALHANDO PARA FUTURO"
SP,71595,Taciba Rumo ao Progresso
SP,62014,"É PARA FRENTE QUE SE ANDA, É PARA CIMA QUE SE OLHA, É LUTANDO QUE SE CONQUISTA"
SP,62375,JUNTOS PARA TRANSFORMAR BOFETE
SP,62375, BOFETE DO FUTURO: COMPROMISSO COM A MUDANÇA
SP,63118,Por Amor a Caragua
SP,64351,GARÇA CADA VEZ MELHOR
SP,64351,DESPERTA GARÇA
SP,69876,O futuro chegou 
SP,66931,FEDERAÇÃO
SP,66117,RUMO NOVO COM A FORÇA DO POVO
SP,67598,É PRA FRENTE QUE SE OLHA
SP,61247,FEDERAÇÃO
SP,62952,FEDERAÇÃO
SP,69698,RESPEITO POR RIBEIRÃO
SP,70556,UNIÃO E HONESTIDADE SEM RETROCESSO
SP,70556,PT E PSOL
SP,71412,TRABALHO E AÇÃO COM RESPEITO E DIGNIDADE
SP,61085,JUNTOS SOMOS MAIS FORTE
SP,65536,Frente Popular
SP,69914,RUBINEIA PODE MUITO MAIS
SP,70432,JUNTOS PODEMOS
SP,65692,ITATIBA CADA VEZ MELHOR
SP,68390,"AMOR, UNIÃO E TRABALHO"
SP,71951, UNIDOS POR TORRINHA 
SP,68772,RENOVA PIRAJU
SP,67792,TRABALHO E SERIEDADE
SP,62677, A MUDANÇA JÁ COMEÇOU 
SP,68179,CORAGEM PARA MUDAR
SP,70858,UNIDOS PELA RENOVAÇÃO
SP,67970,JUNTOS PODEMOS OURO VERDE SEMPRE EM FRENTE
SP,70351,Porque o trabalho não pode parar
SP,69094,POPULINA NO RUMO CERTO
SP,67130,Coligação Mogi da Prosperidade
SP,61417,VAMOS EM FRENTE
SP,61190,UM NOVO TEMPO PARA ALTINOPOLIS
SP,72354,Vera Cruz Avança no Rumo Certo
SP,61310,AMERICANA MERECE MAIS 
SP,72095,TRABALHO E TRANSPARÊNCIA
SP,72095,"UBATUBA, QUEM AMA CUIDA!"
SP,62162,"QUADRA NÃO PODE PARAR, PARA O CRESCIMENTO CONTINUAR"
SP,67296,HUMILDADE E RESPEITO A NOSSA GENTE
SP,63053,RENOVA CAPÃO BONITO
SP,61840,A VOZ DO POVO
SP,65897,JACAREI MERECE MAIS 
SP,70238,SANTA CLARA NO CAMINHO CERTO
SP,69019,EXPERIÊNCIA E JUVENTUDE
SP,68497,RENOVA PEREIRA BARRETO
SP,71510,SUZANO EM BOAS MAOS
SP,68730,PRA FAZER AINDA MAIS
SP,67679,"+ TRABALHO, + REALIZAÇÕES. SEMPRE UNIDOS PELO POVO!"
SP,67679,JUNTOS POR UMA NOVA LUZITANIA MELHOR
SP,65536,ITAPIRA NO RUMO CERTO
SP,69272,EPITACIO PRA FRENTE
SP,69213,PL - PODEMOS
SP,69213,JUNTOS POR PRAIA GRANDE
SP,65838,OUSAR É PRECISO
SP,61131,DAQUI PRA FRENTE É COM A GENTE
SP,72192,CONTE COM A GENTE
SP,72273,VALPARAÍSO NO CAMINHO CERTO
SP,62774,Dias melhores virão
SP,66010,"UNIÃO COM O POVO, JANDIRA FELIZ DE  NOVO"
SP,66010,PARA JANDIRA CONTINUAR AVANÇANDO
SP,71439,TRABALHO DE VERDADE
SP,64254,Franca do Futuro
SP,65579,ITAPORANGA EM PRIMEIRO LUGAR
SP,62634,BURITAMA PARA TODOS
SP,65870,TRABALHO E CONFIANÇA. JABOTICABAL AVANÇA!
SP,62979, A Mudança Continua 
SP,62219,BEBEDOURO EM BOAS MÃOS
SP,63770,Tamo Junto Diadema
SP,70297,"MAIS ADMINISTRAÇÃO, MENOS POLITICA"
SP,69256,ESQUENTA BERNARDES
SP,69531,REGISTRO DA ESPERANÇA
SP,64556,GUARÁ NÃO PODE PARAR
SP,69639,RIBEIRÃO CORRENTE NÃO PODE PARAR
SP,66532, LUIZ ANTÔNIO SEGUINDO EM FRENTE COM TRABALHO E COM O POVO... 
SP,66451,LORENA NO CAMINHO CERTO
SP,70734,"Respeitando Tradições, Construindo o Futuro"
SP,71218,ORGULHO DE SER SÃO VICENTE
SP,71692,FORÇA E ESPERANÇA
SP,70831,JUNTOS PELO BEM DE SÃO JOÃO
SP,64491,MÃOS FIRMES PARA SEGUIR EM FRENTE
SP,69078,TRABALHO E RESPEITO POR PONTES GESTAL
SP,61654,UNIÃO PELO BEM DE ARARAS
SP,66419,Lindoia Seguindo em Frente
SP,67172,MOGI MIRIM GRANDE DE NOVO
SP,66214,NOVO FUTURO PARA JUNQUEIRÓPOLIS
SP,61026,Unidos por Borebi
SP,61107,"JUNTOS POR UMA GUATAPARA MELHOR, OUVIR PARA GOVERNAR"
SP,65790,Itu da Esperança
SP,62294,RECONSTRUINDO BIRIGUI
SP,63339,Experiência e Inovação
SP,63339,JUNTOS PODEMOS MUDAR CESÁRIO LANGE
SP,65056,IGARATÁ MERECE MAIS
SP,61794,UNIDOS POR ASSIS 
SP,67954,PRA OURINHOS CONTINUAR AVANÇANDO
SP,61735,MUDANÇA COM RESPONSABILIDADE
SP,68977,Todo Poaense Merece Ser Feliz
SP,66699,MAIRINQUE PRECISA DE UMA MAE
SP,71056,"AVANÇO, TRABALHO E DESENVOLVIMENTO"
SP,71315,SERRANA DE MÃOS DADAS 
SP,63738,TRABALHO E COMPROMISSO
SP,65390,TODOS POR ITAJOBI
SP,68837,PRA FRENTE PIRAPORA
SP,69175,RENOVA POTIRENDABA
SP,67113,MOCOCA NO CAMINHO CERTO
SP,72397,"Paz, Amor e Confiança na Continuidade do Progresso"
SP,61050,ENDIREITA AGUAÍ
SP,63959,CONSTRUINDO UMA NOVA HISTÓRIA
SP,64513,O POVO EM PRIMEIRO LUGAR
SP,69337,Esperança e Competência  Promissão pode mais
SP,67571,O TRABALHO NÃO PARA
SP,72257,A MUDANÇA QUE VALINHOS PRECISA
SP,65935,JUNTOS POR JACUPIRANGA
SP,61301,RENOVANDO COM UNIÃO E HONESTIDADE
SP,65919,JACI PARA TODOS
SP,67890,OSASCO EM BOAS MÃOS
SP,62375,Avança Bofete
SP,66192,O Futuro Não Pode Parar
SP,61689,"¿Amor, Trabalho e Honestidade por Engenheiro Coelho¿"
SP,62995,Cananeia Tradição e Inovação
SP,61255,MACHADO NÃO PARA
SP,63290,VIVENDO UM NOVO TEMPO
SP,62308,CONSTRUINDO O FUTURO: INVESTINDO NO SER HUMANO
SP,64718,"UM NOVO HOMEM PARA UM NOVO TEMPO, GUAREI PRECISA CRESCER E PROSPERAR"
SP,71099,SÃO PEDRO CADA VEZ MAIS FORTE
SP,63550,JUNTOS POR UMA CORUMBATAÍ MELHOR!
SP,66753,PRÁ FAZER MAIS POR MARABÁ
SP,63835,JUNTOS PELO BEM DO POVO
SP,66850,UNIDOS PRA FAZER A DIFERENÇA
SP,62650,BURITIZAL NO CAMINHO CERTO
SP,66311,LAVINIA NÃO PODE PARAR
SP,62359,¿União pela Transparência e Respeito pela População¿ 
SP,62359,Respeito pelo povo
SP,64556," ESPERANÇA, TRABALHO E RESPEITO POR GUARÁ E PIONEIROS "
SP,61395,ANALANDIA FELIZ PARA O POVO
SP,62359, Mudança e Renovação
SP,64092,O TRABALHO TEM QUE CONTINUAR!
SP,63932,PARA DUMONT SEGUIR AVANÇANDO
SP,64050,ESTRELA DA UNIÃO E PROGRESSO
SP,66893,De Volta Pro Povo: A Cidade Sorrindo de Novo!
SP,67458,FEDERAÇÃO
SP,64998,FEDERAÇÃO
SP,69930,Sabino merece pode mais
SP,65030,Juntos para avançar!
SP,68330,TRANSFORMANDO SONHOS EM REALIDADE
SP,65412,  UNIDOS POR ITAJU  
SP,67210,MONÇÕES DE VOLTA AO PROGRESSO
SP,72079,TRANSFORMAR E CUIDAR: NOSSA MISSÃO É VOCÊ
SP,67695,NOVA ODESSA FORTE DENOVO!
SP,71510,DESPERTA SUZANO
SP,61557,ARAÇATUBA PODE MAIS
SP,61360,JUNTOS POR BARRA DO CHAPEU
SP,62286,"FILHOS DE FERNÃO, COMPROMISSO COM A NOSSA GENTE"
SP,61492,PELAS COMUNIDADES E POR APARECIDA
SP,64530,"UNIÃO, CONTINUIDADE E TRABALHO"
SP,63150,JUNTOS PODEMOS CONSTRUIR UMA CARDOSO MELHOR
SP,64696,Por Uma Guaratinguetá Gigante
SP,65277,Coligação Unidos Por Ipuã
SP,68411,RENOVA PEDREGULHO
SP,62421,TRABALHO E DEDICAÇÃO PARA O POVO
SP,65870,O FUTURO É AGORA
SP,69833,UNIDOS PELA TECNOLOGIA
SP,69833,RIO GRANDE É DO POVO
SP,62111,JUNTOS RECONSTRUÍNDO BARRINHA
SP,63797,UNIDOS POR DIVINOLÂNDIA
SP,64190,RUMO NOVO COM FORÇA NOVA
SP,62251, BERNARDINO NO CAMINHO CERTO 
SP,66192,O TRABALHO VAI CONTINUAR
SP,69370,UNIÃO POPULAR
SP,70378,"SEMPRE EM FRENTE, RETROCEDER JAMAIS"
SP,66990,JUNTOS CONSTRUINDO O NOSSO FUTURO
SP,68772,¿JUNTOS SOMOS PIRAJU¿
SP,61565,JUNTOS. POR UM POTIM MELHOR
SP,67938,TODOS POR OSVALDO CRUZ
SP,61760,ELISIÁRIO PODE MAIS
SP,66877,MATÃO EM BOAS MÃOS
SP,61905,SÃO LOURENÇO DA SERRA NÃO PODE PARAR
SP,71773,LIBERDADE E TRANSPARÊNCIA PARA TODOS
SP,68276,AMO PATROCÍNIO ( UNIAO BRASIL E PDT)
SP,68276,RENOVA PATROCINIO
SP,70815,São Francisco no Caminho Certo 
SP,72010,TUPÃ DO LADO CERTO
SP,70319,"SANTA ERNESTINA, DO POVO, PARA O POVO"
SP,64610,"União, Compromisso e Respeito com Nossa Terra"
SP,61662,"É PRA CONTINUAR, É PRA SEGUIR EM FRENTE"
SP,61662,POR UMA ESTIVA DE PAZ JUNTOS SOMOS MAIS
SP,69612,JUNTOS VAMOS RECONSTRUIR RIBEIRÃO BRANCO
SP,66958,QUEM TRABALHA CUIDA
SP,66958,COMPROMISSO COM MIGUELÓPOLIS
SP,67776,"¿SERIEDADE, HONESTIDADE E COMPETÊNCIA¿"
SP,64432,TRABALHO E UNIÃO POR GLICÉRIO E JURITIS!
SP,66397,Limeira Acima de Tudo
SP,67857,TODOS UNIDOS POR OEINDIÚVA
SP,67997,PRA FRENTE PACAEMBU
SP,65099,Frente Democratica Ilhabela
SP,61484,O TRABALHO CONTINUA
SP,64734,GUARIBA FORTE E UNIDA: AVANÇANDO COM RESPONSABILIDADE
SP,61786,JUNTOS POR UMA NOVA HISTÓRIA
SP,65790,"Novas ideias, Novo futuro"
SP,69558,UNIÃO POR RESTINGA
SP,69817,RIO DAS PEDRAS CONTINUARÁ SORRINDO
SP,61425,NOVA CANAA PARA TODOS
SP,72435,A VERDADEIRA MUDANÇA
SP,62391,A ESPERANÇA QUE BOITUVA CONFIA
SP,61719,FEDERAÇÃO
SP,64017,UNIÃO POR EMBU DAS ARTES 
SP,61824,¿Parisi Não Pode Parar¿
SP,71153,"SÃO SEBASTIÃO  TRABALHO, ALMA E CORAÇÃO"
SP,71676,TAMBAÚ MERECE MUITO MAIS
SP,61522,ESPERANÇA E UNIÃO POR UMA ASPÁSIA MELHOR
SP,63118,"Novos Tempos, Novas Soluções"
SP,63819, CONTINUIDADE AO PROGRESSO 
SP,64211,"Renovaçã, Ordem e Progresso"
SP,61727,COMPROMISSO COM A VIDA
SP,71650,Para frente sou Taiuva a marchar
SP,64815,É TEMPO DE MUDANÇA
SP,65110,AMOR E  ESPERANÇA POR INDAIATUBA
SP,65633,FORÇA QUE FAZ ITAQUÁ AVANÇAR
SP,65692,O POVO EM PRIMEIRO LUGAR
SP,62138,DESPERTA BARUERI
SP,70513,PELO BEM DE SANTA RITA
SP,61590,A MUDANÇA QUE ARAMINA MERECE
SP,71757,Coragem para Mudar
SP,61425,UNIÃO E RESPEITO PARA SEGUIR AVANÇANDO
SP,61310,EXPERIÊNCIA QUE DEU CERTO
SP,66338,SEMPRE EM FRENTE POR NOSSA LAVRINHAS
SP,64777,RENOVAR PARA MUDAR GUARULHOS
SP,61514,Juntos Faremos Ainda Mais
SP,63479,UNIDOS POR CONCHAS
SP,68152,RENOVAR E HUMANIZAR É PRECISO
SP,65439,Trabalhando com Honestidade
SP,62022,EXPERIÊNCIA E JUVENTUDE. O PROGRESSO CONTINUA.
SP,61204,RENOVAR PARA AVANÇAR: ILHA SOLTEIRA MERECE MUDAR
SP,61603,UNIDOS POR UMA ITAOCA MELHOR
SP,61166,TRABALHANDO COM O CORAÇÃO
SP,70190, UNIDOS PELA RENOVAÇÃO  
SP,65196,AVANÇAR E FAZER MAIS!
SP,62243,"IPIGUA, HOJE E SEMPRE"
SP,63258,"PAIXÃO POR CATIGUA, AMOR PELA NOSSA GENTE"
SP,70530, SANTA ROSA NÃO PODE PARAR 
SP,69698,Somos Todos Ribeirão
SP,61638,UNIÃO E MUDANÇA
SP,61409,UNIÃO E TRABALHO POR NOVAIS: O DESENVOLVIMENTO NÃO PODE PARAR
SP,70033,"LIBERDADE E COMPROMISSO, UNIDOS PARA VENCER"
SP,68454,ESSA HISTÓRIA NÃO PODE PARAR
SP,64351,GARÇA LIVRE
SP,68675,juntos por uma cidade melhor
SP,62243,HUMILDADE E TRABALHO
SP,67555,FIRME E FORTE NO CAMINHO DO PROGRESSO
SP,65790,MUDANÇA DE VERDADE
SP,67873, EXPERIENCIA PARA O BEM DE ORLÂNDIA
SP,70173,Trabalho por nossa cidade. Orgulho da nossa gente!
SP,64335,UNIDOS POR GÁLIA TRANSFORMANDO DESAFIOS EM OPORTUNIDADE
SP,61980,"NOVA CAMPINA SEGUINDO EM FRENTE, O PROGRESSO NÃO PODE PARAR"
SP,61859,"União, Progresso e Trabalho: Continuaremos Avançando!"
SP,72451,VOTUPORANGA PARA TODOS
SP,72451,LIBERDADE PATRIOTA!
SP,65293,"AMOR POR IRACEMÁPOLIS, PAIXÃO PELAS PESSOAS "
SP,62391,PRA MUDAR É PRECISO CORAGEM. CONSTRUINDO A MUDANÇA PARA O FUTURO
SP,68918,UNIDOS POR PITANGUEIRAS E IBITIUVA
SP,72397,"COLIGAÇÃO UNIDOS POR VIRADOURO RENOVAÇÃO, HUMANIZAÇÃO, TRABALHO, ESPERANÇA LIBERDADE"
SP,66770,PRA MARACAI CONTINUAR AVANÇANDO
SP,61689,"PARA ENGENHEIRO COELHO CRESCER, SORRIR, PROGREDIR E SER FELIZ NOVAMENTE"
SP,62995,CANANEIA EM PRIMEIRO LUGAR
SP,70670,SANTO EXPEDITO EM BOAS MÃOS
SP,71153,SÃO SEBASTIÃO PODE MAIS
SP,61484,"COM DEUS NA FRENTE, CAJATI PRA FRENTE"
SP,69132,PARA PORTO SER MAIS FELIZ
SP,61069,MOTUCA E MONTE ALEGRE DE MÃOS DADAS
SP,70157,UNIDOS POR SANTA ALBERTINA
SP,61077,UNIDOS POR AMOR A AGUAS DA PRATA
SP,62618,Muda Buri
SP,63991,AMOR DE  VERDADE POR ELIAS FAUSTO E CARDEAL
SP,61956,¿PELO POVO E PARA O POVO¿
SP,70750,SÃO BERNARDO QUE SEGUE EM FRENTE
SP,68870,Paz e Desenvolvimento
SP,69957,FEDERAÇÃO
SP,67512,O TRABALHO NÃO PODE PARAR
SP,69337,"PRA FRENTE, PROMISSÃO!"
SP,69671,AMOR POR RIBEIRAO
SP,68616,GESTAO COM RESPEITO E TRANSPARENCIA
SP,62073,UNIÃO E CONSTRUÇÃO
SP,62294,BIRIGUI GRANDE DE NOVO
SP,62286,RENOVA FERNÃO
SP,61492,Aparecida de todos nós
SP,63231,CATANDUVA NO CAMINHO CERTO
SP,63410,EXPERIENCIA E JUVENTUDE TRABALHANDO POR COLINA
SP,64696,"JUNTOS, POR VOCE E POR GUARA"
SP,61417,ANDRADINA PARA TODOS
SP,65455,Proteção e Respeito por Itapecerica
SP,65870,Jaboticabal da Esperança
SP,69833,RIO GRANDE QUE EU ACREDITO 
SP,69833,JUNTOS PARA SEGUIR AVANÇANDO
SP,63797,RUMO NOVO COM A FORÇA DO POVO
SP,61131,Agudos no Rumo Certo
SP,61638,Resgatando Araraquara
SP,62758,VAMOS FAZER CACONDE ACONTECER
SP,62758,CACONDE UNIDA E MAIS FORTE
SP,64718,Renovação
SP,62219,BEBEDOURO QUER MUDAR
SP,61247,TEMPO DE CUIDAR DE GENTE
SP,67415,JUNTOS PARA SONHAR E REALIZAR
SP,61697,UM NOVO TEMPO POR AREIAS/POR UMA AREIAS COM MAIS TRANSPARENCIA
SP,68659,LEALDADE FORÇA EXPERIENCIA
SP,63037,RENOVAÇÃO HONESTIDADE E CONFIANÇA
SP,62308,TRABALHO E HONESTIDADE
SP,62936,"Experiência, honestidade, eficiencia e desenvolvimento. Unidos para servir!"
SP,61298,JUNTO POR ALVINLÂNDIA
SP,65552,ITÁPOLIS PODE MAIS
SP,69531,TODOS PELA MUDANÇA
SP,67431,MURUTINGA NÃO PODE PARAR
SP,66338,RENOVAÇÃO E EXPERIÊNCIA!
SP,70998,PARA CUIDAR DA NOSSA GENTE
SP,72214,EXPERIÊNCIA E AMOR POR URUPÊS
SP,69175,POTIRENDABA SEGUE EM FRENTE 
SP,70793,SÃO CARLOS MERECE O MELHOR
SP,70890,SÃO JOAQUIM FELIZ DE NOVO!
SP,66656,MACEDONIA NO CAMINHO CERTO 
SP,65935,O TRABALHO NÃO PODE PARAR
SP,66036,O povo em primeiro lugar
SP,71811,Amor e Trabalho por Tatuí
SP,62570,BRODOWSKI NO CORAÇÃO 
SP,64432,O PROGRESSO DE GLICÉRIO E JURITIS NÃO PODE PARAR
SP,69116,EXPERIÊNCIA TRABALHO E FUTURO 
SP,70610,"AMOR PELA POSSE, RESPEITO PELAS PESSOAS!"
SP,68896,PIRATININGA EM TRANSFORMAÇÃO
SP,69396,VIVA QUELUZ
SP,63070,CAPELA EM PRIMEIRO LUGAR
SP,68233,O PASSADO E O PRESENTE NO CAMINHO DO FUTURO
SP,69795,COMPETÊNCIA E CORAGEM PARA MUDAR RIO CLARO
SP,70491,"FOCO, DETERMINAÇÃO E VERDADE"
SP,70653,Renova Santo Antônio
SP,70653,TODOS POR SANTO ANTONIO
SP,71633,COMPROMISSO COM TAIAÇU
SP,62391,A HONESTIDADE QUE BOITUVA PRECISA
SP,63355,Charqueada Merece Mais
SP,63975,ELDORADO PARA TODOS E TODAS
SP,67555,"ESPERANÇA, COMPROMISSO E EXPERIENCIA"
SP,69310,UMA CIDADE PARA TODOS
SP,65730,Juntos Podemos Renovar Itirapina
SP,67598,PARA NOVA EUROPA SEGUIR AVANÇANDO
SP,64815,"Avançando com fé, trabalho e honestidade"
SP,61980,O FUTURO É AGORA
SP,69710,RIVERSUL NÃO PODE PARAR
SP,70432,SOMOS A MUDANÇA
SP,62405,PAULISTANIA NO RUMO CERTO
SP,62731,"CACHOEIRA PAULISTA: UMA NOVA HISTÓRIA, UM NOVO RUMO!"
SP,63436,JUNTOS SOMOS MAIS FORTES
SP,72338,"VARZEA PAULISTA VALENTE, AMOR POR NOSSA GENTE!"
SP,66818,MARILIA QUE CUIDA
SP,66818,Marilia de todas as Lutas
SP,64637,O FUTURO É AGORA: AVANTE GUARANTÃ!
SP,61441,Saltinho! Juntos Podemos ir Avante
SP,67199,"¿UM NOVO RECOMEÇO, MUDA MOMBUCA¿"
SP,62111,BARRINHA NÃO PODE PARAR
SP,71510,SUZANO PODE MAIS E MELHOR
SP,69493,"REGENTE FEIJÓ QUEM TE VIU, QUEM TE VÊ!"
SP,66613,SOMOS TODOS MACATUBA
SP,68055,O Progresso Continua 
SP,66010,RECONSTRUIR E LIBERTAR JANDIRA
SP,61018,Aliança pela Renovação
SP,63797,DIVINOLANDIA NO RUMO CERTO TRABALHO E PROGRESSO
SP,62189,"POVO UNIDO, PROGRESSO GARANTIDO"
SP,71897,"JUNTOS EM FRENTE, VALORIZANDO NOSSA GENTE!"
SP,61395,A MUDANÇA ESTÁ EM NOSSAS MÃOS
SP,69698,AMOR POR RIBEIRÃO
SP,61000,O TRABALHO NÃO PODE PARAR
SP,64114,FERNANDÓPOLIS AVANÇANDO CADA VEZ MAIS
SP,69353,UNIÃO E TRABALHO
SP,70734,A HORA DE MUDAR É AGORA
SP,61344,"Unidos para o desenvolvimento, Canitar não pode  parar"
SP,65250,IPORANGA ´PARA TODOS
SP,68691,UNIDOS POR PIQUEROBI
SP,64793,UNIÃO PARA RECONSTRUÇÃO
SP,71455,FEDERAÇÃO BRASIL DA ESPERANÇA E FEDERAÇÃO POR UMA SOROCABA MELHOR
SP,63215,Unidos pelo progresso
SP,66699,MAIRINQUE UNIDA PELA RENOVAÇÃO
SP,68934,TODOS ÚNIDOS POR PLANALTO
SP,67695,CONTINUAR CUIDANDO DE NOVA ODESSA
SP,68837,PIRAPORA DE VOLTA AO POVO
SP,68470,"A ESPERANÇA SE RENOVA, POR UMA PENÁPOLIS MAIS JUSTA E PRÓSPERA"
SP,66478,LOUVEIRA DE VOLTA AOS TRILHOS
SP,65714,JUNTOS SOMOS MAIS FORTES
SP,67571,UNIDOS POR NOVA ALIANÇA
SP,65471,CORAGEM PRA MUDAR!
SP,71498,SUMARÉ NA FORÇA DA FÉ COM O TIME DO BEM
SP,68950,PLATINA EM DESENVOLVIMENTO
SP,63550,CORUMBATAÍ NO CAMINHO CERTO
SP,67334,O PROGRESSO NÃO PODE PARAR
SP,63576,NOVA ALIANÇA POR UM FUTURO MELHOR
SP,61204,COLIGAÇÃO NOSSA ILHA
SP,64394,O PROGRESSO IRA CONTINUAR
SP,61719,AREIÓPOLIS MERECE MAIS
SP,61891,¿AVARÉ RETORNANDO AO DESENVOLVIMENTO¿
SP,67539,NHANDEARA FORTE
SP,61620,TUIUTI BONS TEMPOS
SP,66818,RENOVA MARILIA
SP,67253,"Experiência, Inovação e Competência"
SP,69299,UNIÃO PARA O BEM DE PRUDENTE
SP,61077,JUNTOS PODEMOS MAIS
SP,64033,EMBU GUAÇU NO TRILHO CERTO
SP,63150,Uma nova historia para cardoso
SP,67377,UNIDOS PELO PROGRESSO
SP,64653,GUARARAPES PARA AS FAMILIAS
SP,69418,DE MÃOS DADAS POR QUINTANA
SP,66052,JUNTOS PRA CUIDAR DE JARINU
SP,66990,MIRACATU NO CORAÇÃO
SP,63916,por uma Duartina que cuida
SP,68659,JUNTOS PODEMOS MAIS
SP,65773,O TRABALHO E A HONESTIDADE CONTINUA
SP,70815,Gente Igual a Gente
SP,68357,UMA NOVA HISTÓRIA
SP,69191,JUNTOS SOMOS MAIS FORTES
SP,70793,AMOR POR SÃO CARLOS
SP,64610,Por um Guarani ainda melhor
SP,69515,Gente em primeiro lugar
SP,70831,SÃO JOÃO MERECE MAIS
SP,61816,QUEM AMA CUIDA
SP,67130,Compromisso e Amor por Mogi  
SP,62910,COLIGAÇÃO CAMPINAS UMA CIDADE PRA TODOS
SP,64572,"O TRABALHO CONTINUA,COM A FORÇA DO POVO"
SP,65471,ITAPETININGA NO RUMO CERTO
SP,69094,EXPERIÊNCIA E RENOVAÇÃO 
SP,65811,O CAMINHO CERTO PARA ITUPEVA
SP,66753,NAO VAMOS DESISTIR DE MARABA
SP,70556,AMIGOS DO POVO
SP,65153,"INDIAPORÃ PARA TODOS! UNIAO, COMPROMISSO E TRABALHO POR UM FUTURO MELHOR "
SP,61166,#RENOVAR PARA CRESCER
SP,70750,PRA SEGUIR TRABALHANDO POR SÃO BERNARDO
SP,69574,TODOS JUNTOS PARA MUDAR 
SP,69574,AVANTE RIBEIRA
SP,71994,JUNTOS PARA SEGUIR EM FRENTE
SP,62936,Trabalho que continua
SP,72036,UNIDOS PARA X MULTIPLICAR
SP,72052,TURIUBA MERECE MAIS
SP,61700,"RIBEIRÃO CRESCEU, E MERECE CONTINUAR CRESCENDO"
SP,61565," Fé, união e honestidade"
SP,68756,PIRACICABA PARA TODOS
SP,67091,TRANSFORMANDO DESAFIOS EM CONQUISTAS  MIRASSOLÂNDIA SEMPRE AVANÇANDO
SP,61506,UMA ESTRADA PARA O FUTURO
SP,68373, POR AMOR A PEDRA BELA
SP,67172,MOGI NO RUMO CERTO
SP,67750, Unidos pela  renovação de Ocauçu
SP,68977,A MUDANÇA ESTA NO CORAÇÃO DA GENTE - PL - PMB - PSD - DC
SP,71579,"FEDERAÇÃO PSDB/CIDADANIA, PMB, MOBILIZA, DC, PRD"
SP,69957,SAGRES NO CAMINHO CERTO
SP,64971,O TRABALHO CONTINUA
SP,61328,"ARACANGUÁ NO RUMO CERTO, COMPROMISSO COM O POVO"
SP,69990,CORAGEM PARA TRANSFORMAR
SP,61344," UNIÃO, TRABALHO E AMOR POR CANITAR "
SP,68330,"PELO POVO, PARA O POVO E COM O POVO"
SP,61093,SEGUIMOS JUNTOS E MAIS FORTES
SP,69973,FEDERAÇÃO
SP,61190,AVANTE ALTINÓPOLIS
SP,62383,TODOS JUNTOS POR OUROESTE E ARABA 
SP,61220,Razão e Coração por Alumínio
SP,62839,Juntos por Amor a Caiuá
SP,62936,NOVA FRENTE PROGRESSISTA
SP,63592,"¿UNIÃO, INOVAÇÃO E TRANSPARÊNCIA¿"
SP,63835,EXPERIÊNCIA E COMPETÊNCIA PARA AVANÇAR E FAZER MAIS
SP,61301,"RESULTADOS QUE FALAM, CONFIANÇA QUE CONTINUA"
SP,68918,O Progresso Continua
SP,71617,"COLIGAÇÃO: EM PAZ, SEGUIREMOS EM FRENTE. PSD-PL-PP-PODE"
SP,66176,UNIÃO PELAS FAMILIAS DE JULIO MESQUITA
SP,65617,A Força do Povo
SP,65013,UMA NOVA HISTÓRIA PARA IGARAÇU
SP,67393,  UNIDOS POR MORRO AGUDO 
SP,69396,JUNTOS POR QUELUZ
SP,68217,PARAPUÃ MERECE MAIS
SP,68454,Avança Pedro de Toledo
SP,71994,UM MOMENTO NOVO NAS MÃOS DO POVO
SP,70475,"COLIGAÇÃO DÁ PRA FAZER MAIS, DÁ PRA FAZER MELHOR"
SP,71919,TIETÊ NO RUMO CERTO
SP,72192,JUNTOS SOMOS MAIS FORTES
